EUR_USD,2019-01-21 22:00:00,1.1366,1.1369,1.1365,1.1367
EUR_USD,2019-01-21 21:00:00,1.1369,1.1370,1.1365,1.1368
EUR_USD,2019-01-21 20:00:00,1.1369,1.1372,1.1367,1.1369
EUR_USD,2019-01-21 19:00:00,1.1368,1.1369,1.1367,1.1369
EUR_USD,2019-01-21 18:00:00,1.1369,1.1369,1.1364,1.1368
EUR_USD,2019-01-21 17:00:00,1.1370,1.1370,1.1368,1.1369
EUR_USD,2019-01-21 16:00:00,1.1364,1.1369,1.1364,1.1369
EUR_USD,2019-01-21 15:00:00,1.1364,1.1368,1.1360,1.1365
EUR_USD,2019-01-21 14:00:00,1.1361,1.1366,1.1358,1.1365
EUR_USD,2019-01-21 13:00:00,1.1368,1.1369,1.1358,1.1360
EUR_USD,2019-01-21 12:00:00,1.1368,1.1369,1.1362,1.1363
EUR_USD,2019-01-21 11:00:00,1.1377,1.1378,1.1368,1.1370
EUR_USD,2019-01-21 10:00:00,1.1372,1.1380,1.1371,1.1379
EUR_USD,2019-01-21 09:00:00,1.1374,1.1376,1.1367,1.1371
EUR_USD,2019-01-21 08:00:00,1.1385,1.1386,1.1375,1.1375
EUR_USD,2019-01-21 07:00:00,1.1380,1.1385,1.1378,1.1385
EUR_USD,2019-01-21 06:00:00,1.1378,1.1381,1.1376,1.1380
EUR_USD,2019-01-21 05:00:00,1.1378,1.1379,1.1374,1.1377
EUR_USD,2019-01-21 04:00:00,1.1375,1.1376,1.1373,1.1375
EUR_USD,2019-01-21 03:00:00,1.1377,1.1377,1.1374,1.1376
EUR_USD,2019-01-21 02:00:00,1.1376,1.1381,1.1376,1.1379
EUR_USD,2019-01-21 01:00:00,1.1374,1.1376,1.1372,1.1376
EUR_USD,2019-01-21 00:00:00,1.1366,1.1377,1.1365,1.1375
EUR_USD,2019-01-20 23:00:00,1.1366,1.1369,1.1365,1.1367
EUR_USD,2019-01-20 22:00:00,1.1362,1.1369,1.1361,1.1367
EUR_USD,2019-01-18 21:00:00,1.1365,1.1366,1.1364,1.1365
EUR_USD,2019-01-18 20:00:00,1.1370,1.1370,1.1363,1.1364
EUR_USD,2019-01-18 19:00:00,1.1366,1.1372,1.1364,1.1370
EUR_USD,2019-01-18 18:00:00,1.1358,1.1368,1.1358,1.1366
EUR_USD,2019-01-18 17:00:00,1.1362,1.1362,1.1358,1.1358
EUR_USD,2019-01-18 16:00:00,1.1367,1.1368,1.1353,1.1359
EUR_USD,2019-01-18 15:00:00,1.1375,1.1381,1.1361,1.1367
EUR_USD,2019-01-18 14:00:00,1.1398,1.1400,1.1376,1.1383
EUR_USD,2019-01-18 13:00:00,1.1403,1.1407,1.1397,1.1398
EUR_USD,2019-01-18 12:00:00,1.1405,1.1408,1.1402,1.1406
EUR_USD,2019-01-18 11:00:00,1.1407,1.1410,1.1404,1.1407
EUR_USD,2019-01-18 10:00:00,1.1398,1.1407,1.1398,1.1405
EUR_USD,2019-01-18 09:00:00,1.1396,1.1399,1.1394,1.1397
EUR_USD,2019-01-18 08:00:00,1.1391,1.1400,1.1390,1.1399
EUR_USD,2019-01-18 07:00:00,1.1396,1.1398,1.1394,1.1396
EUR_USD,2019-01-18 06:00:00,1.1389,1.1398,1.1389,1.1397
EUR_USD,2019-01-18 05:00:00,1.1394,1.1394,1.1389,1.1390
EUR_USD,2019-01-18 04:00:00,1.1394,1.1397,1.1393,1.1394
EUR_USD,2019-01-18 03:00:00,1.1394,1.1397,1.1394,1.1395
EUR_USD,2019-01-18 02:00:00,1.1395,1.1397,1.1393,1.1395
EUR_USD,2019-01-18 01:00:00,1.1394,1.1400,1.1393,1.1395
EUR_USD,2019-01-18 00:00:00,1.1392,1.1396,1.1389,1.1394
EUR_USD,2019-01-17 23:00:00,1.1388,1.1392,1.1387,1.1392
EUR_USD,2019-01-17 22:00:00,1.1388,1.1393,1.1386,1.1387
EUR_USD,2019-01-17 21:00:00,1.1391,1.1392,1.1388,1.1388
EUR_USD,2019-01-17 20:00:00,1.1389,1.1391,1.1386,1.1391
EUR_USD,2019-01-17 19:00:00,1.1381,1.1397,1.1381,1.1394
EUR_USD,2019-01-17 18:00:00,1.1386,1.1393,1.1385,1.1385
EUR_USD,2019-01-17 17:00:00,1.1386,1.1389,1.1384,1.1384
EUR_USD,2019-01-17 16:00:00,1.1381,1.1390,1.1380,1.1381
EUR_USD,2019-01-17 15:00:00,1.1387,1.1393,1.1372,1.1374
EUR_USD,2019-01-17 14:00:00,1.1398,1.1399,1.1389,1.1389
EUR_USD,2019-01-17 13:00:00,1.1402,1.1405,1.1384,1.1393
EUR_USD,2019-01-17 12:00:00,1.1400,1.1405,1.1399,1.1405
EUR_USD,2019-01-17 11:00:00,1.1400,1.1405,1.1396,1.1401
EUR_USD,2019-01-17 10:00:00,1.1394,1.1401,1.1389,1.1400
EUR_USD,2019-01-17 09:00:00,1.1396,1.1401,1.1395,1.1396
EUR_USD,2019-01-17 08:00:00,1.1388,1.1398,1.1384,1.1397
EUR_USD,2019-01-17 07:00:00,1.1387,1.1390,1.1374,1.1384
EUR_USD,2019-01-17 06:00:00,1.1387,1.1391,1.1385,1.1385
EUR_USD,2019-01-17 05:00:00,1.1383,1.1388,1.1379,1.1388
EUR_USD,2019-01-17 04:00:00,1.1389,1.1389,1.1383,1.1384
EUR_USD,2019-01-17 03:00:00,1.1390,1.1391,1.1387,1.1388
EUR_USD,2019-01-17 02:00:00,1.1394,1.1396,1.1389,1.1390
EUR_USD,2019-01-17 01:00:00,1.1398,1.1400,1.1395,1.1395
EUR_USD,2019-01-17 00:00:00,1.1399,1.1399,1.1395,1.1396
EUR_USD,2019-01-16 23:00:00,1.1395,1.1399,1.1395,1.1398
EUR_USD,2019-01-16 22:00:00,1.1394,1.1397,1.1392,1.1396
EUR_USD,2019-01-16 21:00:00,1.1393,1.1397,1.1390,1.1391
EUR_USD,2019-01-16 20:00:00,1.1398,1.1402,1.1393,1.1393
EUR_USD,2019-01-16 19:00:00,1.1407,1.1408,1.1401,1.1402
EUR_USD,2019-01-16 18:00:00,1.1400,1.1409,1.1399,1.1408
EUR_USD,2019-01-16 17:00:00,1.1408,1.1408,1.1398,1.1398
EUR_USD,2019-01-16 16:00:00,1.1394,1.1409,1.1394,1.1406
EUR_USD,2019-01-16 15:00:00,1.1397,1.1404,1.1394,1.1396
EUR_USD,2019-01-16 14:00:00,1.1390,1.1403,1.1390,1.1399
EUR_USD,2019-01-16 13:00:00,1.1387,1.1394,1.1387,1.1393
EUR_USD,2019-01-16 12:00:00,1.1378,1.1396,1.1378,1.1388
EUR_USD,2019-01-16 11:00:00,1.1400,1.1401,1.1378,1.1383
EUR_USD,2019-01-16 10:00:00,1.1411,1.1411,1.1403,1.1404
EUR_USD,2019-01-16 09:00:00,1.1422,1.1425,1.1411,1.1412
EUR_USD,2019-01-16 08:00:00,1.1394,1.1415,1.1393,1.1411
EUR_USD,2019-01-16 07:00:00,1.1398,1.1410,1.1392,1.1398
EUR_USD,2019-01-16 06:00:00,1.1412,1.1412,1.1402,1.1402
EUR_USD,2019-01-16 05:00:00,1.1411,1.1415,1.1408,1.1415
EUR_USD,2019-01-16 04:00:00,1.1403,1.1409,1.1402,1.1406
EUR_USD,2019-01-16 03:00:00,1.1401,1.1403,1.1397,1.1403
EUR_USD,2019-01-16 02:00:00,1.1399,1.1404,1.1397,1.1401
EUR_USD,2019-01-16 01:00:00,1.1410,1.1411,1.1399,1.1399
EUR_USD,2019-01-16 00:00:00,1.1414,1.1414,1.1406,1.1411
EUR_USD,2019-01-15 23:00:00,1.1406,1.1414,1.1406,1.1413
EUR_USD,2019-01-15 22:00:00,1.1412,1.1412,1.1405,1.1406
EUR_USD,2019-01-15 21:00:00,1.1414,1.1415,1.1409,1.1412
EUR_USD,2019-01-15 20:00:00,1.1402,1.1417,1.1401,1.1414
EUR_USD,2019-01-15 19:00:00,1.1387,1.1398,1.1387,1.1398
EUR_USD,2019-01-15 18:00:00,1.1390,1.1390,1.1383,1.1386
EUR_USD,2019-01-15 17:00:00,1.1392,1.1398,1.1383,1.1389
EUR_USD,2019-01-15 16:00:00,1.1439,1.1440,1.1384,1.1392
EUR_USD,2019-01-15 15:00:00,1.1455,1.1455,1.1430,1.1438
EUR_USD,2019-01-15 14:00:00,1.1439,1.1452,1.1437,1.1448
EUR_USD,2019-01-15 13:00:00,1.1430,1.1438,1.1419,1.1436
EUR_USD,2019-01-15 12:00:00,1.1432,1.1432,1.1413,1.1428
EUR_USD,2019-01-15 11:00:00,1.1430,1.1433,1.1426,1.1430
EUR_USD,2019-01-15 10:00:00,1.1433,1.1438,1.1428,1.1429
EUR_USD,2019-01-15 09:00:00,1.1461,1.1461,1.1426,1.1433
EUR_USD,2019-01-15 08:00:00,1.1470,1.1473,1.1456,1.1461
EUR_USD,2019-01-15 07:00:00,1.1476,1.1481,1.1473,1.1474
EUR_USD,2019-01-15 06:00:00,1.1483,1.1483,1.1473,1.1474
EUR_USD,2019-01-15 05:00:00,1.1480,1.1481,1.1477,1.1481
EUR_USD,2019-01-15 04:00:00,1.1485,1.1485,1.1479,1.1481
EUR_USD,2019-01-15 03:00:00,1.1483,1.1486,1.1483,1.1483
EUR_USD,2019-01-15 02:00:00,1.1485,1.1489,1.1483,1.1485
EUR_USD,2019-01-15 01:00:00,1.1477,1.1489,1.1473,1.1485
EUR_USD,2019-01-15 00:00:00,1.1473,1.1477,1.1472,1.1476
EUR_USD,2019-01-14 23:00:00,1.1468,1.1472,1.1467,1.1472
EUR_USD,2019-01-14 22:00:00,1.1468,1.1469,1.1466,1.1468
EUR_USD,2019-01-14 21:00:00,1.1469,1.1470,1.1468,1.1469
EUR_USD,2019-01-14 20:00:00,1.1466,1.1467,1.1465,1.1466
EUR_USD,2019-01-14 19:00:00,1.1470,1.1470,1.1467,1.1469
EUR_USD,2019-01-14 18:00:00,1.1476,1.1477,1.1469,1.1470
EUR_USD,2019-01-14 17:00:00,1.1479,1.1479,1.1475,1.1477
EUR_USD,2019-01-14 16:00:00,1.1468,1.1478,1.1464,1.1477
EUR_USD,2019-01-14 15:00:00,1.1465,1.1479,1.1463,1.1477
EUR_USD,2019-01-14 14:00:00,1.1460,1.1466,1.1457,1.1464
EUR_USD,2019-01-14 13:00:00,1.1468,1.1470,1.1457,1.1462
EUR_USD,2019-01-14 12:00:00,1.1471,1.1471,1.1457,1.1460
EUR_USD,2019-01-14 11:00:00,1.1462,1.1472,1.1453,1.1455
EUR_USD,2019-01-14 10:00:00,1.1462,1.1465,1.1453,1.1465
EUR_USD,2019-01-14 09:00:00,1.1475,1.1476,1.1461,1.1462
EUR_USD,2019-01-14 08:00:00,1.1479,1.1480,1.1465,1.1477
EUR_USD,2019-01-14 07:00:00,1.1474,1.1476,1.1456,1.1476
EUR_USD,2019-01-14 06:00:00,1.1479,1.1480,1.1469,1.1474
EUR_USD,2019-01-14 05:00:00,1.1476,1.1481,1.1475,1.1480
EUR_USD,2019-01-14 04:00:00,1.1469,1.1475,1.1469,1.1472
EUR_USD,2019-01-14 03:00:00,1.1467,1.1471,1.1466,1.1469
EUR_USD,2019-01-14 02:00:00,1.1476,1.1477,1.1472,1.1472
EUR_USD,2019-01-14 01:00:00,1.1463,1.1477,1.1463,1.1477
EUR_USD,2019-01-14 00:00:00,1.1460,1.1466,1.1460,1.1462
EUR_USD,2019-01-13 23:00:00,1.1465,1.1468,1.1460,1.1461
EUR_USD,2019-01-13 22:00:00,1.1460,1.1465,1.1459,1.1465
EUR_USD,2019-01-11 21:00:00,1.1462,1.1472,1.1460,1.1468
EUR_USD,2019-01-11 20:00:00,1.1465,1.1466,1.1458,1.1462
EUR_USD,2019-01-11 19:00:00,1.1471,1.1471,1.1463,1.1465
EUR_USD,2019-01-11 18:00:00,1.1482,1.1484,1.1469,1.1471
EUR_USD,2019-01-11 17:00:00,1.1478,1.1486,1.1478,1.1482
EUR_USD,2019-01-11 16:00:00,1.1478,1.1479,1.1465,1.1478
EUR_USD,2019-01-11 15:00:00,1.1470,1.1481,1.1462,1.1478
EUR_USD,2019-01-11 14:00:00,1.1527,1.1527,1.1458,1.1470
EUR_USD,2019-01-11 13:00:00,1.1528,1.1536,1.1520,1.1527
EUR_USD,2019-01-11 12:00:00,1.1532,1.1537,1.1522,1.1528
EUR_USD,2019-01-11 11:00:00,1.1535,1.1535,1.1519,1.1532
EUR_USD,2019-01-11 10:00:00,1.1520,1.1540,1.1515,1.1535
EUR_USD,2019-01-11 09:00:00,1.1530,1.1530,1.1517,1.1520
EUR_USD,2019-01-11 08:00:00,1.1526,1.1531,1.1517,1.1530
EUR_USD,2019-01-11 07:00:00,1.1523,1.1532,1.1521,1.1527
EUR_USD,2019-01-11 06:00:00,1.1525,1.1529,1.1517,1.1523
EUR_USD,2019-01-11 05:00:00,1.1529,1.1531,1.1522,1.1525
EUR_USD,2019-01-11 04:00:00,1.1525,1.1530,1.1522,1.1529
EUR_USD,2019-01-11 03:00:00,1.1522,1.1528,1.1519,1.1525
EUR_USD,2019-01-11 02:00:00,1.1518,1.1525,1.1513,1.1522
EUR_USD,2019-01-11 01:00:00,1.1512,1.1523,1.1507,1.1518
EUR_USD,2019-01-11 00:00:00,1.1508,1.1517,1.1506,1.1512
EUR_USD,2019-01-10 23:00:00,1.1498,1.1508,1.1496,1.1508
EUR_USD,2019-01-10 22:00:00,1.1500,1.1502,1.1496,1.1498
EUR_USD,2019-01-10 21:00:00,1.1498,1.1501,1.1497,1.1500
EUR_USD,2019-01-10 20:00:00,1.1500,1.1501,1.1496,1.1498
EUR_USD,2019-01-10 19:00:00,1.1498,1.1506,1.1495,1.1500
EUR_USD,2019-01-10 18:00:00,1.1506,1.1514,1.1485,1.1498
EUR_USD,2019-01-10 17:00:00,1.1517,1.1518,1.1497,1.1506
EUR_USD,2019-01-10 16:00:00,1.1522,1.1524,1.1510,1.1517
EUR_USD,2019-01-10 15:00:00,1.1526,1.1528,1.1515,1.1522
EUR_USD,2019-01-10 14:00:00,1.1520,1.1530,1.1516,1.1526
EUR_USD,2019-01-10 13:00:00,1.1534,1.1546,1.1519,1.1520
EUR_USD,2019-01-10 12:00:00,1.1529,1.1540,1.1524,1.1534
EUR_USD,2019-01-10 11:00:00,1.1528,1.1539,1.1526,1.1529
EUR_USD,2019-01-10 10:00:00,1.1524,1.1532,1.1518,1.1528
EUR_USD,2019-01-10 09:00:00,1.1529,1.1534,1.1519,1.1524
EUR_USD,2019-01-10 08:00:00,1.1541,1.1558,1.1528,1.1529
EUR_USD,2019-01-10 07:00:00,1.1552,1.1556,1.1534,1.1541
EUR_USD,2019-01-10 06:00:00,1.1560,1.1562,1.1551,1.1552
EUR_USD,2019-01-10 05:00:00,1.1559,1.1563,1.1553,1.1560
EUR_USD,2019-01-10 04:00:00,1.1569,1.1569,1.1559,1.1559
EUR_USD,2019-01-10 03:00:00,1.1554,1.1570,1.1554,1.1569
EUR_USD,2019-01-10 02:00:00,1.1554,1.1557,1.1549,1.1554
EUR_USD,2019-01-10 01:00:00,1.1555,1.1561,1.1543,1.1554
EUR_USD,2019-01-10 00:00:00,1.1554,1.1559,1.1550,1.1555
EUR_USD,2019-01-09 23:00:00,1.1549,1.1555,1.1548,1.1554
EUR_USD,2019-01-09 22:00:00,1.1542,1.1550,1.1540,1.1549
EUR_USD,2019-01-09 21:00:00,1.1554,1.1555,1.1542,1.1543
EUR_USD,2019-01-09 20:00:00,1.1543,1.1555,1.1542,1.1554
EUR_USD,2019-01-09 19:00:00,1.1537,1.1559,1.1529,1.1543
EUR_USD,2019-01-09 18:00:00,1.1533,1.1541,1.1529,1.1537
EUR_USD,2019-01-09 17:00:00,1.1524,1.1535,1.1521,1.1533
EUR_USD,2019-01-09 16:00:00,1.1511,1.1538,1.1510,1.1524
EUR_USD,2019-01-09 15:00:00,1.1524,1.1540,1.1509,1.1511
EUR_USD,2019-01-09 14:00:00,1.1463,1.1526,1.1462,1.1525
EUR_USD,2019-01-09 13:00:00,1.1451,1.1465,1.1448,1.1463
EUR_USD,2019-01-09 12:00:00,1.1456,1.1459,1.1446,1.1451
EUR_USD,2019-01-09 11:00:00,1.1452,1.1456,1.1439,1.1456
EUR_USD,2019-01-09 10:00:00,1.1461,1.1463,1.1445,1.1452
EUR_USD,2019-01-09 09:00:00,1.1463,1.1472,1.1456,1.1461
EUR_USD,2019-01-09 08:00:00,1.1466,1.1476,1.1461,1.1463
EUR_USD,2019-01-09 07:00:00,1.1459,1.1478,1.1454,1.1466
EUR_USD,2019-01-09 06:00:00,1.1460,1.1465,1.1456,1.1459
EUR_USD,2019-01-09 05:00:00,1.1460,1.1464,1.1457,1.1460
EUR_USD,2019-01-09 04:00:00,1.1454,1.1460,1.1452,1.1460
EUR_USD,2019-01-09 03:00:00,1.1452,1.1460,1.1452,1.1454
EUR_USD,2019-01-09 02:00:00,1.1457,1.1461,1.1448,1.1452
EUR_USD,2019-01-09 01:00:00,1.1456,1.1466,1.1455,1.1457
EUR_USD,2019-01-09 00:00:00,1.1457,1.1462,1.1454,1.1457
EUR_USD,2019-01-08 23:00:00,1.1441,1.1458,1.1441,1.1457
EUR_USD,2019-01-08 22:00:00,1.1442,1.1443,1.1436,1.1441
EUR_USD,2019-01-08 21:00:00,1.1441,1.1442,1.1438,1.1442
EUR_USD,2019-01-08 20:00:00,1.1442,1.1443,1.1436,1.1441
EUR_USD,2019-01-08 19:00:00,1.1441,1.1445,1.1439,1.1443
EUR_USD,2019-01-08 18:00:00,1.1454,1.1459,1.1441,1.1441
EUR_USD,2019-01-08 17:00:00,1.1444,1.1455,1.1440,1.1454
EUR_USD,2019-01-08 16:00:00,1.1442,1.1449,1.1436,1.1444
EUR_USD,2019-01-08 15:00:00,1.1439,1.1444,1.1426,1.1442
EUR_USD,2019-01-08 14:00:00,1.1427,1.1444,1.1424,1.1439
EUR_USD,2019-01-08 13:00:00,1.1449,1.1450,1.1423,1.1427
EUR_USD,2019-01-08 12:00:00,1.1466,1.1468,1.1443,1.1450
EUR_USD,2019-01-08 11:00:00,1.1446,1.1469,1.1442,1.1466
EUR_USD,2019-01-08 10:00:00,1.1452,1.1452,1.1435,1.1446
EUR_USD,2019-01-08 09:00:00,1.1449,1.1462,1.1447,1.1452
EUR_USD,2019-01-08 08:00:00,1.1444,1.1451,1.1433,1.1449
EUR_USD,2019-01-08 07:00:00,1.1446,1.1453,1.1434,1.1444
EUR_USD,2019-01-08 06:00:00,1.1444,1.1456,1.1441,1.1446
EUR_USD,2019-01-08 05:00:00,1.1439,1.1444,1.1438,1.1444
EUR_USD,2019-01-08 04:00:00,1.1439,1.1441,1.1432,1.1439
EUR_USD,2019-01-08 03:00:00,1.1451,1.1452,1.1435,1.1439
EUR_USD,2019-01-08 02:00:00,1.1449,1.1454,1.1442,1.1451
EUR_USD,2019-01-08 01:00:00,1.1468,1.1469,1.1447,1.1449
EUR_USD,2019-01-08 00:00:00,1.1479,1.1485,1.1467,1.1468
EUR_USD,2019-01-07 23:00:00,1.1476,1.1480,1.1476,1.1479
EUR_USD,2019-01-07 22:00:00,1.1476,1.1478,1.1471,1.1476
EUR_USD,2019-01-07 21:00:00,1.1477,1.1477,1.1473,1.1475
EUR_USD,2019-01-07 20:00:00,1.1480,1.1480,1.1470,1.1477
EUR_USD,2019-01-07 19:00:00,1.1474,1.1482,1.1473,1.1480
EUR_USD,2019-01-07 18:00:00,1.1469,1.1483,1.1468,1.1475
EUR_USD,2019-01-07 17:00:00,1.1467,1.1471,1.1464,1.1469
EUR_USD,2019-01-07 16:00:00,1.1463,1.1470,1.1459,1.1467
EUR_USD,2019-01-07 15:00:00,1.1468,1.1471,1.1454,1.1463
EUR_USD,2019-01-07 14:00:00,1.1458,1.1473,1.1456,1.1468
EUR_USD,2019-01-07 13:00:00,1.1440,1.1459,1.1440,1.1458
EUR_USD,2019-01-07 12:00:00,1.1440,1.1448,1.1437,1.1440
EUR_USD,2019-01-07 11:00:00,1.1439,1.1445,1.1433,1.1440
EUR_USD,2019-01-07 10:00:00,1.1442,1.1446,1.1435,1.1439
EUR_USD,2019-01-07 09:00:00,1.1432,1.1448,1.1430,1.1441
EUR_USD,2019-01-07 08:00:00,1.1436,1.1441,1.1428,1.1432
EUR_USD,2019-01-07 07:00:00,1.1416,1.1439,1.1410,1.1436
EUR_USD,2019-01-07 06:00:00,1.1424,1.1428,1.1414,1.1416
EUR_USD,2019-01-07 05:00:00,1.1421,1.1425,1.1420,1.1424
EUR_USD,2019-01-07 04:00:00,1.1422,1.1430,1.1420,1.1421
EUR_USD,2019-01-07 03:00:00,1.1420,1.1426,1.1416,1.1422
EUR_USD,2019-01-07 02:00:00,1.1421,1.1423,1.1417,1.1421
EUR_USD,2019-01-07 01:00:00,1.1410,1.1423,1.1408,1.1421
EUR_USD,2019-01-07 00:00:00,1.1410,1.1413,1.1405,1.1410
EUR_USD,2019-01-06 23:00:00,1.1405,1.1413,1.1404,1.1410
EUR_USD,2019-01-06 22:00:00,1.1398,1.1409,1.1397,1.1405
EUR_USD,2019-01-04 21:00:00,1.1403,1.1404,1.1394,1.1394
EUR_USD,2019-01-04 20:00:00,1.1400,1.1404,1.1396,1.1403
EUR_USD,2019-01-04 19:00:00,1.1404,1.1404,1.1394,1.1400
EUR_USD,2019-01-04 18:00:00,1.1406,1.1411,1.1403,1.1404
EUR_USD,2019-01-04 17:00:00,1.1409,1.1412,1.1393,1.1405
EUR_USD,2019-01-04 16:00:00,1.1410,1.1418,1.1400,1.1409
EUR_USD,2019-01-04 15:00:00,1.1354,1.1411,1.1345,1.1410
EUR_USD,2019-01-04 14:00:00,1.1372,1.1373,1.1346,1.1354
EUR_USD,2019-01-04 13:00:00,1.1406,1.1408,1.1363,1.1372
EUR_USD,2019-01-04 12:00:00,1.1412,1.1414,1.1405,1.1406
EUR_USD,2019-01-04 11:00:00,1.1404,1.1416,1.1403,1.1412
EUR_USD,2019-01-04 10:00:00,1.1404,1.1409,1.1394,1.1404
EUR_USD,2019-01-04 09:00:00,1.1408,1.1419,1.1403,1.1404
EUR_USD,2019-01-04 08:00:00,1.1408,1.1417,1.1403,1.1408
EUR_USD,2019-01-04 07:00:00,1.1394,1.1410,1.1392,1.1408
EUR_USD,2019-01-04 06:00:00,1.1390,1.1394,1.1383,1.1394
EUR_USD,2019-01-04 05:00:00,1.1394,1.1398,1.1389,1.1390
EUR_USD,2019-01-04 04:00:00,1.1398,1.1399,1.1390,1.1394
EUR_USD,2019-01-04 03:00:00,1.1397,1.1399,1.1388,1.1398
EUR_USD,2019-01-04 02:00:00,1.1404,1.1407,1.1397,1.1397
EUR_USD,2019-01-04 01:00:00,1.1406,1.1412,1.1403,1.1404
EUR_USD,2019-01-04 00:00:00,1.1390,1.1406,1.1389,1.1406
EUR_USD,2019-01-03 23:00:00,1.1394,1.1396,1.1390,1.1390
EUR_USD,2019-01-03 22:00:00,1.1393,1.1403,1.1388,1.1394
EUR_USD,2019-01-03 21:00:00,1.1399,1.1400,1.1394,1.1395
EUR_USD,2019-01-03 20:00:00,1.1392,1.1402,1.1390,1.1399
EUR_USD,2019-01-03 19:00:00,1.1401,1.1404,1.1384,1.1392
EUR_USD,2019-01-03 18:00:00,1.1399,1.1407,1.1397,1.1401
EUR_USD,2019-01-03 17:00:00,1.1398,1.1406,1.1393,1.1399
EUR_USD,2019-01-03 16:00:00,1.1393,1.1411,1.1387,1.1398
EUR_USD,2019-01-03 15:00:00,1.1365,1.1409,1.1365,1.1393
EUR_USD,2019-01-03 14:00:00,1.1366,1.1373,1.1362,1.1365
EUR_USD,2019-01-03 13:00:00,1.1343,1.1367,1.1338,1.1366
EUR_USD,2019-01-03 12:00:00,1.1341,1.1355,1.1340,1.1343
EUR_USD,2019-01-03 11:00:00,1.1368,1.1372,1.1340,1.1341
EUR_USD,2019-01-03 10:00:00,1.1376,1.1380,1.1363,1.1368
EUR_USD,2019-01-03 09:00:00,1.1380,1.1384,1.1373,1.1376
EUR_USD,2019-01-03 08:00:00,1.1370,1.1384,1.1354,1.1380
EUR_USD,2019-01-03 07:00:00,1.1372,1.1377,1.1361,1.1370
EUR_USD,2019-01-03 06:00:00,1.1361,1.1377,1.1355,1.1372
EUR_USD,2019-01-03 05:00:00,1.1367,1.1370,1.1357,1.1361
EUR_USD,2019-01-03 04:00:00,1.1365,1.1368,1.1360,1.1367
EUR_USD,2019-01-03 03:00:00,1.1359,1.1372,1.1357,1.1365
EUR_USD,2019-01-03 02:00:00,1.1348,1.1361,1.1346,1.1359
EUR_USD,2019-01-03 01:00:00,1.1340,1.1352,1.1339,1.1348
EUR_USD,2019-01-03 00:00:00,1.1312,1.1347,1.1310,1.1339
EUR_USD,2019-01-02 23:00:00,1.1346,1.1352,1.1308,1.1312
EUR_USD,2019-01-02 22:00:00,1.1344,1.1347,1.1310,1.1333
EUR_USD,2019-01-02 21:00:00,1.1346,1.1348,1.1340,1.1344
EUR_USD,2019-01-02 20:00:00,1.1344,1.1348,1.1341,1.1346
EUR_USD,2019-01-02 19:00:00,1.1328,1.1345,1.1325,1.1344
EUR_USD,2019-01-02 18:00:00,1.1336,1.1337,1.1326,1.1328
EUR_USD,2019-01-02 17:00:00,1.1357,1.1357,1.1331,1.1336
EUR_USD,2019-01-02 16:00:00,1.1354,1.1362,1.1349,1.1357
EUR_USD,2019-01-02 15:00:00,1.1361,1.1370,1.1342,1.1354
EUR_USD,2019-01-02 14:00:00,1.1372,1.1376,1.1358,1.1361
EUR_USD,2019-01-02 13:00:00,1.1405,1.1406,1.1367,1.1372
EUR_USD,2019-01-02 12:00:00,1.1434,1.1434,1.1398,1.1405
EUR_USD,2019-01-02 11:00:00,1.1437,1.1439,1.1425,1.1434
EUR_USD,2019-01-02 10:00:00,1.1434,1.1442,1.1432,1.1437
EUR_USD,2019-01-02 09:00:00,1.1449,1.1450,1.1422,1.1434
EUR_USD,2019-01-02 08:00:00,1.1477,1.1478,1.1429,1.1449
EUR_USD,2019-01-02 07:00:00,1.1486,1.1493,1.1474,1.1477
EUR_USD,2019-01-02 06:00:00,1.1478,1.1497,1.1477,1.1486
EUR_USD,2019-01-02 05:00:00,1.1446,1.1479,1.1446,1.1478
EUR_USD,2019-01-02 04:00:00,1.1445,1.1447,1.1443,1.1445
EUR_USD,2019-01-02 03:00:00,1.1446,1.1449,1.1445,1.1446
EUR_USD,2019-01-02 02:00:00,1.1453,1.1454,1.1443,1.1446
EUR_USD,2019-01-02 01:00:00,1.1456,1.1456,1.1446,1.1453
EUR_USD,2019-01-02 00:00:00,1.1462,1.1462,1.1455,1.1456
EUR_USD,2019-01-01 23:00:00,1.1464,1.1468,1.1458,1.1462
EUR_USD,2019-01-01 22:00:00,1.1466,1.1466,1.1461,1.1463
EUR_USD,2018-12-31 21:00:00,1.1457,1.1468,1.1456,1.1466
EUR_USD,2018-12-31 20:00:00,1.1454,1.1461,1.1454,1.1457
EUR_USD,2018-12-31 19:00:00,1.1446,1.1456,1.1445,1.1454
EUR_USD,2018-12-31 18:00:00,1.1451,1.1455,1.1442,1.1446
EUR_USD,2018-12-31 17:00:00,1.1455,1.1457,1.1445,1.1451
EUR_USD,2018-12-31 16:00:00,1.1434,1.1460,1.1428,1.1455
EUR_USD,2018-12-31 15:00:00,1.1435,1.1453,1.1426,1.1434
EUR_USD,2018-12-31 14:00:00,1.1447,1.1449,1.1427,1.1435
EUR_USD,2018-12-31 13:00:00,1.1457,1.1457,1.1444,1.1446
EUR_USD,2018-12-31 12:00:00,1.1452,1.1459,1.1439,1.1457
EUR_USD,2018-12-31 11:00:00,1.1449,1.1466,1.1446,1.1452
EUR_USD,2018-12-31 10:00:00,1.1436,1.1452,1.1435,1.1449
EUR_USD,2018-12-31 09:00:00,1.1433,1.1443,1.1432,1.1436
EUR_USD,2018-12-31 08:00:00,1.1443,1.1447,1.1430,1.1433
EUR_USD,2018-12-31 07:00:00,1.1427,1.1444,1.1425,1.1443
EUR_USD,2018-12-31 06:00:00,1.1429,1.1432,1.1424,1.1427
EUR_USD,2018-12-31 05:00:00,1.1423,1.1429,1.1422,1.1429
EUR_USD,2018-12-31 04:00:00,1.1439,1.1440,1.1423,1.1423
EUR_USD,2018-12-31 03:00:00,1.1436,1.1441,1.1434,1.1439
EUR_USD,2018-12-31 02:00:00,1.1439,1.1440,1.1434,1.1436
EUR_USD,2018-12-31 01:00:00,1.1446,1.1446,1.1437,1.1439
EUR_USD,2018-12-31 00:00:00,1.1439,1.1451,1.1438,1.1447
EUR_USD,2018-12-30 23:00:00,1.1440,1.1441,1.1438,1.1439
EUR_USD,2018-12-30 22:00:00,1.1436,1.1440,1.1435,1.1440
EUR_USD,2018-12-28 21:00:00,1.1442,1.1451,1.1439,1.1444
EUR_USD,2018-12-28 20:00:00,1.1441,1.1454,1.1441,1.1442
EUR_USD,2018-12-28 19:00:00,1.1439,1.1445,1.1434,1.1441
EUR_USD,2018-12-28 18:00:00,1.1441,1.1448,1.1434,1.1439
EUR_USD,2018-12-28 17:00:00,1.1444,1.1449,1.1432,1.1441
EUR_USD,2018-12-28 16:00:00,1.1438,1.1449,1.1430,1.1444
EUR_USD,2018-12-28 15:00:00,1.1455,1.1457,1.1433,1.1437
EUR_USD,2018-12-28 14:00:00,1.1461,1.1469,1.1444,1.1455
EUR_USD,2018-12-28 13:00:00,1.1452,1.1461,1.1439,1.1461
EUR_USD,2018-12-28 12:00:00,1.1466,1.1470,1.1447,1.1452
EUR_USD,2018-12-28 11:00:00,1.1465,1.1473,1.1460,1.1466
EUR_USD,2018-12-28 10:00:00,1.1443,1.1471,1.1438,1.1465
EUR_USD,2018-12-28 09:00:00,1.1457,1.1459,1.1431,1.1443
EUR_USD,2018-12-28 08:00:00,1.1455,1.1468,1.1451,1.1457
EUR_USD,2018-12-28 07:00:00,1.1460,1.1462,1.1449,1.1455
EUR_USD,2018-12-28 06:00:00,1.1455,1.1464,1.1453,1.1460
EUR_USD,2018-12-28 05:00:00,1.1451,1.1459,1.1451,1.1455
EUR_USD,2018-12-28 04:00:00,1.1456,1.1460,1.1450,1.1451
EUR_USD,2018-12-28 03:00:00,1.1461,1.1467,1.1456,1.1456
EUR_USD,2018-12-28 02:00:00,1.1448,1.1463,1.1447,1.1461
EUR_USD,2018-12-28 01:00:00,1.1445,1.1449,1.1441,1.1448
EUR_USD,2018-12-28 00:00:00,1.1430,1.1448,1.1430,1.1445
EUR_USD,2018-12-27 23:00:00,1.1429,1.1434,1.1428,1.1430
EUR_USD,2018-12-27 22:00:00,1.1430,1.1433,1.1428,1.1429
EUR_USD,2018-12-27 21:00:00,1.1440,1.1441,1.1430,1.1431
EUR_USD,2018-12-27 20:00:00,1.1449,1.1450,1.1428,1.1440
EUR_USD,2018-12-27 19:00:00,1.1448,1.1454,1.1443,1.1449
EUR_USD,2018-12-27 18:00:00,1.1436,1.1455,1.1429,1.1448
EUR_USD,2018-12-27 17:00:00,1.1412,1.1450,1.1411,1.1436
EUR_USD,2018-12-27 16:00:00,1.1401,1.1419,1.1400,1.1412
EUR_USD,2018-12-27 15:00:00,1.1434,1.1436,1.1398,1.1401
EUR_USD,2018-12-27 14:00:00,1.1398,1.1436,1.1392,1.1434
EUR_USD,2018-12-27 13:00:00,1.1368,1.1408,1.1367,1.1398
EUR_USD,2018-12-27 12:00:00,1.1389,1.1401,1.1365,1.1368
EUR_USD,2018-12-27 11:00:00,1.1403,1.1409,1.1383,1.1389
EUR_USD,2018-12-27 10:00:00,1.1395,1.1405,1.1390,1.1403
EUR_USD,2018-12-27 09:00:00,1.1394,1.1400,1.1388,1.1394
EUR_USD,2018-12-27 08:00:00,1.1379,1.1399,1.1378,1.1393
EUR_USD,2018-12-27 07:00:00,1.1383,1.1389,1.1372,1.1379
EUR_USD,2018-12-27 06:00:00,1.1383,1.1388,1.1375,1.1383
EUR_USD,2018-12-27 05:00:00,1.1385,1.1386,1.1377,1.1383
EUR_USD,2018-12-27 04:00:00,1.1381,1.1390,1.1381,1.1385
EUR_USD,2018-12-27 03:00:00,1.1381,1.1384,1.1378,1.1381
EUR_USD,2018-12-27 02:00:00,1.1374,1.1386,1.1373,1.1381
EUR_USD,2018-12-27 01:00:00,1.1370,1.1378,1.1365,1.1374
EUR_USD,2018-12-27 00:00:00,1.1360,1.1372,1.1358,1.1370
EUR_USD,2018-12-26 23:00:00,1.1355,1.1362,1.1355,1.1360
EUR_USD,2018-12-26 22:00:00,1.1354,1.1357,1.1352,1.1356
EUR_USD,2018-12-26 21:00:00,1.1353,1.1355,1.1348,1.1353
EUR_USD,2018-12-26 20:00:00,1.1353,1.1359,1.1343,1.1354
EUR_USD,2018-12-26 19:00:00,1.1360,1.1367,1.1350,1.1353
EUR_USD,2018-12-26 18:00:00,1.1356,1.1366,1.1355,1.1360
EUR_USD,2018-12-26 17:00:00,1.1406,1.1407,1.1355,1.1356
EUR_USD,2018-12-26 16:00:00,1.1407,1.1411,1.1405,1.1406
EUR_USD,2018-12-26 15:00:00,1.1386,1.1415,1.1385,1.1407
EUR_USD,2018-12-26 14:00:00,1.1389,1.1394,1.1383,1.1386
EUR_USD,2018-12-26 13:00:00,1.1384,1.1390,1.1378,1.1389
EUR_USD,2018-12-26 12:00:00,1.1382,1.1388,1.1375,1.1384
EUR_USD,2018-12-26 11:00:00,1.1386,1.1390,1.1382,1.1382
EUR_USD,2018-12-26 10:00:00,1.1384,1.1389,1.1381,1.1385
EUR_USD,2018-12-26 09:00:00,1.1392,1.1396,1.1382,1.1384
EUR_USD,2018-12-26 08:00:00,1.1403,1.1403,1.1385,1.1392
EUR_USD,2018-12-26 07:00:00,1.1405,1.1407,1.1399,1.1403
EUR_USD,2018-12-26 06:00:00,1.1403,1.1408,1.1398,1.1406
EUR_USD,2018-12-26 05:00:00,1.1406,1.1406,1.1397,1.1403
EUR_USD,2018-12-26 04:00:00,1.1415,1.1415,1.1405,1.1406
EUR_USD,2018-12-26 03:00:00,1.1411,1.1417,1.1411,1.1415
EUR_USD,2018-12-26 02:00:00,1.1411,1.1416,1.1410,1.1411
EUR_USD,2018-12-26 01:00:00,1.1406,1.1411,1.1399,1.1410
EUR_USD,2018-12-26 00:00:00,1.1414,1.1416,1.1405,1.1406
EUR_USD,2018-12-25 23:00:00,1.1411,1.1420,1.1401,1.1414
EUR_USD,2018-12-25 22:00:00,1.1406,1.1412,1.1392,1.1409
EUR_USD,2018-12-24 21:00:00,1.1409,1.1416,1.1400,1.1406
EUR_USD,2018-12-24 20:00:00,1.1403,1.1411,1.1396,1.1408
EUR_USD,2018-12-24 19:00:00,1.1417,1.1417,1.1396,1.1401
EUR_USD,2018-12-24 18:00:00,1.1410,1.1423,1.1408,1.1417
EUR_USD,2018-12-24 17:00:00,1.1418,1.1420,1.1409,1.1410
EUR_USD,2018-12-24 16:00:00,1.1413,1.1423,1.1405,1.1418
EUR_USD,2018-12-24 15:00:00,1.1428,1.1434,1.1400,1.1413
EUR_USD,2018-12-24 14:00:00,1.1414,1.1438,1.1413,1.1428
EUR_USD,2018-12-24 13:00:00,1.1403,1.1417,1.1399,1.1414
EUR_USD,2018-12-24 12:00:00,1.1398,1.1405,1.1389,1.1403
EUR_USD,2018-12-24 11:00:00,1.1403,1.1406,1.1395,1.1398
EUR_USD,2018-12-24 10:00:00,1.1395,1.1412,1.1394,1.1403
EUR_USD,2018-12-24 09:00:00,1.1400,1.1408,1.1394,1.1395
EUR_USD,2018-12-24 08:00:00,1.1378,1.1400,1.1374,1.1400
EUR_USD,2018-12-24 07:00:00,1.1381,1.1392,1.1378,1.1378
EUR_USD,2018-12-24 06:00:00,1.1391,1.1393,1.1379,1.1381
EUR_USD,2018-12-24 05:00:00,1.1392,1.1393,1.1387,1.1391
EUR_USD,2018-12-24 04:00:00,1.1390,1.1392,1.1387,1.1392
EUR_USD,2018-12-24 03:00:00,1.1388,1.1392,1.1385,1.1390
EUR_USD,2018-12-24 02:00:00,1.1381,1.1391,1.1378,1.1388
EUR_USD,2018-12-24 01:00:00,1.1378,1.1381,1.1377,1.1381
EUR_USD,2018-12-24 00:00:00,1.1372,1.1381,1.1370,1.1378
EUR_USD,2018-12-23 23:00:00,1.1368,1.1374,1.1366,1.1372
EUR_USD,2018-12-23 22:00:00,1.1372,1.1374,1.1361,1.1368
EUR_USD,2018-12-21 21:00:00,1.1360,1.1375,1.1358,1.1371
EUR_USD,2018-12-21 20:00:00,1.1369,1.1372,1.1356,1.1359
EUR_USD,2018-12-21 19:00:00,1.1365,1.1373,1.1364,1.1369
EUR_USD,2018-12-21 18:00:00,1.1386,1.1386,1.1362,1.1365
EUR_USD,2018-12-21 17:00:00,1.1401,1.1403,1.1385,1.1386
EUR_USD,2018-12-21 16:00:00,1.1415,1.1422,1.1399,1.1401
EUR_USD,2018-12-21 15:00:00,1.1402,1.1416,1.1382,1.1415
EUR_USD,2018-12-21 14:00:00,1.1411,1.1424,1.1402,1.1402
EUR_USD,2018-12-21 13:00:00,1.1415,1.1425,1.1406,1.1411
EUR_USD,2018-12-21 12:00:00,1.1425,1.1427,1.1400,1.1415
EUR_USD,2018-12-21 11:00:00,1.1420,1.1428,1.1415,1.1424
EUR_USD,2018-12-21 10:00:00,1.1428,1.1429,1.1413,1.1421
EUR_USD,2018-12-21 09:00:00,1.1444,1.1445,1.1412,1.1428
EUR_USD,2018-12-21 08:00:00,1.1469,1.1474,1.1443,1.1444
EUR_USD,2018-12-21 07:00:00,1.1456,1.1473,1.1455,1.1469
EUR_USD,2018-12-21 06:00:00,1.1446,1.1456,1.1446,1.1456
EUR_USD,2018-12-21 05:00:00,1.1445,1.1450,1.1442,1.1446
EUR_USD,2018-12-21 04:00:00,1.1449,1.1450,1.1442,1.1445
EUR_USD,2018-12-21 03:00:00,1.1449,1.1451,1.1447,1.1449
EUR_USD,2018-12-21 02:00:00,1.1452,1.1455,1.1448,1.1449
EUR_USD,2018-12-21 01:00:00,1.1450,1.1454,1.1449,1.1452
EUR_USD,2018-12-21 00:00:00,1.1456,1.1461,1.1448,1.1449
EUR_USD,2018-12-20 23:00:00,1.1449,1.1460,1.1448,1.1456
EUR_USD,2018-12-20 22:00:00,1.1447,1.1454,1.1445,1.1449
EUR_USD,2018-12-20 21:00:00,1.1460,1.1461,1.1445,1.1445
EUR_USD,2018-12-20 20:00:00,1.1472,1.1473,1.1459,1.1460
EUR_USD,2018-12-20 19:00:00,1.1470,1.1485,1.1466,1.1472
EUR_USD,2018-12-20 18:00:00,1.1459,1.1475,1.1451,1.1471
EUR_USD,2018-12-20 17:00:00,1.1431,1.1465,1.1431,1.1459
EUR_USD,2018-12-20 16:00:00,1.1416,1.1433,1.1408,1.1431
EUR_USD,2018-12-20 15:00:00,1.1449,1.1449,1.1402,1.1416
EUR_USD,2018-12-20 14:00:00,1.1446,1.1461,1.1442,1.1449
EUR_USD,2018-12-20 13:00:00,1.1450,1.1463,1.1444,1.1446
EUR_USD,2018-12-20 12:00:00,1.1466,1.1467,1.1450,1.1450
EUR_USD,2018-12-20 11:00:00,1.1477,1.1483,1.1464,1.1466
EUR_USD,2018-12-20 10:00:00,1.1478,1.1486,1.1470,1.1477
EUR_USD,2018-12-20 09:00:00,1.1429,1.1481,1.1425,1.1478
EUR_USD,2018-12-20 08:00:00,1.1416,1.1434,1.1411,1.1429
EUR_USD,2018-12-20 07:00:00,1.1409,1.1426,1.1406,1.1416
EUR_USD,2018-12-20 06:00:00,1.1389,1.1410,1.1385,1.1409
EUR_USD,2018-12-20 05:00:00,1.1386,1.1389,1.1382,1.1389
EUR_USD,2018-12-20 04:00:00,1.1381,1.1386,1.1379,1.1386
EUR_USD,2018-12-20 03:00:00,1.1380,1.1383,1.1378,1.1381
EUR_USD,2018-12-20 02:00:00,1.1382,1.1384,1.1378,1.1380
EUR_USD,2018-12-20 01:00:00,1.1382,1.1384,1.1377,1.1382
EUR_USD,2018-12-20 00:00:00,1.1386,1.1388,1.1380,1.1382
EUR_USD,2018-12-19 23:00:00,1.1381,1.1389,1.1380,1.1386
EUR_USD,2018-12-19 22:00:00,1.1376,1.1384,1.1370,1.1380
EUR_USD,2018-12-19 21:00:00,1.1374,1.1387,1.1368,1.1378
EUR_USD,2018-12-19 20:00:00,1.1372,1.1388,1.1365,1.1374
EUR_USD,2018-12-19 19:00:00,1.1432,1.1432,1.1364,1.1372
EUR_USD,2018-12-19 18:00:00,1.1426,1.1439,1.1423,1.1433
EUR_USD,2018-12-19 17:00:00,1.1422,1.1432,1.1418,1.1426
EUR_USD,2018-12-19 16:00:00,1.1421,1.1433,1.1420,1.1422
EUR_USD,2018-12-19 15:00:00,1.1430,1.1439,1.1420,1.1422
EUR_USD,2018-12-19 14:00:00,1.1401,1.1433,1.1401,1.1430
EUR_USD,2018-12-19 13:00:00,1.1404,1.1407,1.1396,1.1401
EUR_USD,2018-12-19 12:00:00,1.1404,1.1406,1.1395,1.1404
EUR_USD,2018-12-19 11:00:00,1.1408,1.1414,1.1396,1.1404
EUR_USD,2018-12-19 10:00:00,1.1389,1.1410,1.1383,1.1408
EUR_USD,2018-12-19 09:00:00,1.1401,1.1405,1.1388,1.1389
EUR_USD,2018-12-19 08:00:00,1.1397,1.1406,1.1394,1.1402
EUR_USD,2018-12-19 07:00:00,1.1385,1.1405,1.1383,1.1398
EUR_USD,2018-12-19 06:00:00,1.1388,1.1390,1.1381,1.1385
EUR_USD,2018-12-19 05:00:00,1.1382,1.1388,1.1379,1.1388
EUR_USD,2018-12-19 04:00:00,1.1385,1.1390,1.1381,1.1382
EUR_USD,2018-12-19 03:00:00,1.1386,1.1387,1.1384,1.1385
EUR_USD,2018-12-19 02:00:00,1.1381,1.1386,1.1379,1.1386
EUR_USD,2018-12-19 01:00:00,1.1383,1.1386,1.1376,1.1381
EUR_USD,2018-12-19 00:00:00,1.1376,1.1386,1.1375,1.1383
EUR_USD,2018-12-18 23:00:00,1.1370,1.1377,1.1369,1.1376
EUR_USD,2018-12-18 22:00:00,1.1365,1.1370,1.1362,1.1370
EUR_USD,2018-12-18 21:00:00,1.1364,1.1368,1.1358,1.1364
EUR_USD,2018-12-18 20:00:00,1.1356,1.1365,1.1355,1.1364
EUR_USD,2018-12-18 19:00:00,1.1369,1.1375,1.1355,1.1356
EUR_USD,2018-12-18 18:00:00,1.1360,1.1374,1.1350,1.1369
EUR_USD,2018-12-18 17:00:00,1.1360,1.1373,1.1359,1.1360
EUR_USD,2018-12-18 16:00:00,1.1364,1.1372,1.1357,1.1360
EUR_USD,2018-12-18 15:00:00,1.1365,1.1375,1.1362,1.1364
EUR_USD,2018-12-18 14:00:00,1.1379,1.1380,1.1364,1.1365
EUR_USD,2018-12-18 13:00:00,1.1380,1.1387,1.1373,1.1379
EUR_USD,2018-12-18 12:00:00,1.1394,1.1397,1.1379,1.1380
EUR_USD,2018-12-18 11:00:00,1.1388,1.1402,1.1385,1.1394
EUR_USD,2018-12-18 10:00:00,1.1376,1.1389,1.1374,1.1388
EUR_USD,2018-12-18 09:00:00,1.1369,1.1382,1.1364,1.1376
EUR_USD,2018-12-18 08:00:00,1.1358,1.1377,1.1356,1.1370
EUR_USD,2018-12-18 07:00:00,1.1339,1.1359,1.1337,1.1358
EUR_USD,2018-12-18 06:00:00,1.1345,1.1345,1.1338,1.1339
EUR_USD,2018-12-18 05:00:00,1.1348,1.1349,1.1340,1.1345
EUR_USD,2018-12-18 04:00:00,1.1354,1.1355,1.1347,1.1347
EUR_USD,2018-12-18 03:00:00,1.1353,1.1355,1.1349,1.1354
EUR_USD,2018-12-18 02:00:00,1.1358,1.1359,1.1352,1.1353
EUR_USD,2018-12-18 01:00:00,1.1346,1.1360,1.1345,1.1359
EUR_USD,2018-12-18 00:00:00,1.1350,1.1354,1.1344,1.1346
EUR_USD,2018-12-17 23:00:00,1.1347,1.1352,1.1347,1.1349
EUR_USD,2018-12-17 22:00:00,1.1348,1.1350,1.1345,1.1348
EUR_USD,2018-12-17 21:00:00,1.1346,1.1349,1.1344,1.1348
EUR_USD,2018-12-17 20:00:00,1.1350,1.1350,1.1345,1.1346
EUR_USD,2018-12-17 19:00:00,1.1355,1.1358,1.1349,1.1350
EUR_USD,2018-12-17 18:00:00,1.1351,1.1358,1.1351,1.1355
EUR_USD,2018-12-17 17:00:00,1.1339,1.1355,1.1338,1.1351
EUR_USD,2018-12-17 16:00:00,1.1336,1.1346,1.1330,1.1339
EUR_USD,2018-12-17 15:00:00,1.1343,1.1344,1.1330,1.1336
EUR_USD,2018-12-17 14:00:00,1.1350,1.1351,1.1335,1.1343
EUR_USD,2018-12-17 13:00:00,1.1340,1.1353,1.1336,1.1351
EUR_USD,2018-12-17 12:00:00,1.1350,1.1353,1.1334,1.1340
EUR_USD,2018-12-17 11:00:00,1.1339,1.1351,1.1336,1.1350
EUR_USD,2018-12-17 10:00:00,1.1330,1.1345,1.1327,1.1339
EUR_USD,2018-12-17 09:00:00,1.1323,1.1331,1.1323,1.1330
EUR_USD,2018-12-17 08:00:00,1.1319,1.1327,1.1311,1.1323
EUR_USD,2018-12-17 07:00:00,1.1311,1.1320,1.1310,1.1319
EUR_USD,2018-12-17 06:00:00,1.1308,1.1313,1.1306,1.1311
EUR_USD,2018-12-17 05:00:00,1.1309,1.1312,1.1306,1.1308
EUR_USD,2018-12-17 04:00:00,1.1311,1.1313,1.1308,1.1309
EUR_USD,2018-12-17 03:00:00,1.1310,1.1314,1.1310,1.1310
EUR_USD,2018-12-17 02:00:00,1.1307,1.1311,1.1306,1.1310
EUR_USD,2018-12-17 01:00:00,1.1305,1.1311,1.1305,1.1307
EUR_USD,2018-12-17 00:00:00,1.1305,1.1310,1.1303,1.1305
EUR_USD,2018-12-16 23:00:00,1.1305,1.1309,1.1304,1.1305
EUR_USD,2018-12-16 22:00:00,1.1302,1.1308,1.1299,1.1306
EUR_USD,2018-12-14 21:00:00,1.1301,1.1307,1.1300,1.1305
EUR_USD,2018-12-14 20:00:00,1.1303,1.1308,1.1301,1.1301
EUR_USD,2018-12-14 19:00:00,1.1303,1.1307,1.1299,1.1303
EUR_USD,2018-12-14 18:00:00,1.1301,1.1306,1.1295,1.1303
EUR_USD,2018-12-14 17:00:00,1.1299,1.1308,1.1299,1.1301
EUR_USD,2018-12-14 16:00:00,1.1297,1.1301,1.1293,1.1299
EUR_USD,2018-12-14 15:00:00,1.1283,1.1299,1.1283,1.1297
EUR_USD,2018-12-14 14:00:00,1.1274,1.1289,1.1272,1.1283
EUR_USD,2018-12-14 13:00:00,1.1289,1.1290,1.1270,1.1274
EUR_USD,2018-12-14 12:00:00,1.1285,1.1293,1.1284,1.1288
EUR_USD,2018-12-14 11:00:00,1.1298,1.1307,1.1282,1.1285
EUR_USD,2018-12-14 10:00:00,1.1293,1.1299,1.1289,1.1298
EUR_USD,2018-12-14 09:00:00,1.1291,1.1301,1.1286,1.1293
EUR_USD,2018-12-14 08:00:00,1.1355,1.1359,1.1291,1.1292
EUR_USD,2018-12-14 07:00:00,1.1349,1.1356,1.1343,1.1355
EUR_USD,2018-12-14 06:00:00,1.1361,1.1361,1.1346,1.1349
EUR_USD,2018-12-14 05:00:00,1.1362,1.1362,1.1358,1.1361
EUR_USD,2018-12-14 04:00:00,1.1361,1.1362,1.1359,1.1362
EUR_USD,2018-12-14 03:00:00,1.1360,1.1361,1.1358,1.1361
EUR_USD,2018-12-14 02:00:00,1.1363,1.1363,1.1355,1.1360
EUR_USD,2018-12-14 01:00:00,1.1361,1.1363,1.1357,1.1363
EUR_USD,2018-12-14 00:00:00,1.1363,1.1365,1.1359,1.1361
EUR_USD,2018-12-13 23:00:00,1.1357,1.1363,1.1356,1.1363
EUR_USD,2018-12-13 22:00:00,1.1362,1.1367,1.1356,1.1357
EUR_USD,2018-12-13 21:00:00,1.1364,1.1365,1.1356,1.1358
EUR_USD,2018-12-13 20:00:00,1.1366,1.1368,1.1361,1.1364
EUR_USD,2018-12-13 19:00:00,1.1362,1.1368,1.1359,1.1366
EUR_USD,2018-12-13 18:00:00,1.1357,1.1372,1.1355,1.1362
EUR_USD,2018-12-13 17:00:00,1.1358,1.1364,1.1347,1.1357
EUR_USD,2018-12-13 16:00:00,1.1347,1.1362,1.1346,1.1358
EUR_USD,2018-12-13 15:00:00,1.1343,1.1352,1.1331,1.1347
EUR_USD,2018-12-13 14:00:00,1.1345,1.1370,1.1331,1.1343
EUR_USD,2018-12-13 13:00:00,1.1369,1.1388,1.1338,1.1345
EUR_USD,2018-12-13 12:00:00,1.1379,1.1392,1.1360,1.1369
EUR_USD,2018-12-13 11:00:00,1.1373,1.1381,1.1372,1.1378
EUR_USD,2018-12-13 10:00:00,1.1377,1.1384,1.1371,1.1373
EUR_USD,2018-12-13 09:00:00,1.1385,1.1385,1.1366,1.1377
EUR_USD,2018-12-13 08:00:00,1.1382,1.1394,1.1380,1.1384
EUR_USD,2018-12-13 07:00:00,1.1371,1.1387,1.1369,1.1382
EUR_USD,2018-12-13 06:00:00,1.1366,1.1373,1.1364,1.1371
EUR_USD,2018-12-13 05:00:00,1.1365,1.1369,1.1363,1.1366
EUR_USD,2018-12-13 04:00:00,1.1369,1.1369,1.1364,1.1365
EUR_USD,2018-12-13 03:00:00,1.1370,1.1372,1.1368,1.1369
EUR_USD,2018-12-13 02:00:00,1.1368,1.1371,1.1366,1.1370
EUR_USD,2018-12-13 01:00:00,1.1368,1.1371,1.1366,1.1368
EUR_USD,2018-12-13 00:00:00,1.1373,1.1374,1.1368,1.1368
EUR_USD,2018-12-12 23:00:00,1.1372,1.1377,1.1370,1.1372
EUR_USD,2018-12-12 22:00:00,1.1370,1.1376,1.1368,1.1372
EUR_USD,2018-12-12 21:00:00,1.1371,1.1379,1.1361,1.1369
EUR_USD,2018-12-12 20:00:00,1.1368,1.1380,1.1365,1.1371
EUR_USD,2018-12-12 19:00:00,1.1363,1.1368,1.1359,1.1368
EUR_USD,2018-12-12 18:00:00,1.1377,1.1387,1.1360,1.1363
EUR_USD,2018-12-12 17:00:00,1.1362,1.1377,1.1358,1.1377
EUR_USD,2018-12-12 16:00:00,1.1366,1.1373,1.1355,1.1362
EUR_USD,2018-12-12 15:00:00,1.1364,1.1379,1.1357,1.1366
EUR_USD,2018-12-12 14:00:00,1.1360,1.1368,1.1342,1.1364
EUR_USD,2018-12-12 13:00:00,1.1341,1.1363,1.1340,1.1360
EUR_USD,2018-12-12 12:00:00,1.1335,1.1365,1.1325,1.1341
EUR_USD,2018-12-12 11:00:00,1.1335,1.1338,1.1328,1.1335
EUR_USD,2018-12-12 10:00:00,1.1334,1.1338,1.1330,1.1335
EUR_USD,2018-12-12 09:00:00,1.1322,1.1337,1.1320,1.1334
EUR_USD,2018-12-12 08:00:00,1.1324,1.1333,1.1315,1.1322
EUR_USD,2018-12-12 07:00:00,1.1329,1.1333,1.1315,1.1324
EUR_USD,2018-12-12 06:00:00,1.1332,1.1333,1.1322,1.1329
EUR_USD,2018-12-12 05:00:00,1.1327,1.1334,1.1325,1.1332
EUR_USD,2018-12-12 04:00:00,1.1326,1.1329,1.1323,1.1327
EUR_USD,2018-12-12 03:00:00,1.1330,1.1332,1.1325,1.1326
EUR_USD,2018-12-12 02:00:00,1.1330,1.1334,1.1328,1.1330
EUR_USD,2018-12-12 01:00:00,1.1330,1.1334,1.1328,1.1330
EUR_USD,2018-12-12 00:00:00,1.1322,1.1333,1.1321,1.1330
EUR_USD,2018-12-11 23:00:00,1.1320,1.1325,1.1319,1.1321
EUR_USD,2018-12-11 22:00:00,1.1316,1.1321,1.1316,1.1320
EUR_USD,2018-12-11 21:00:00,1.1327,1.1327,1.1318,1.1319
EUR_USD,2018-12-11 20:00:00,1.1327,1.1328,1.1317,1.1327
EUR_USD,2018-12-11 19:00:00,1.1319,1.1328,1.1312,1.1327
EUR_USD,2018-12-11 18:00:00,1.1319,1.1325,1.1313,1.1319
EUR_USD,2018-12-11 17:00:00,1.1313,1.1323,1.1307,1.1319
EUR_USD,2018-12-11 16:00:00,1.1323,1.1328,1.1307,1.1313
EUR_USD,2018-12-11 15:00:00,1.1336,1.1341,1.1318,1.1323
EUR_USD,2018-12-11 14:00:00,1.1370,1.1372,1.1332,1.1336
EUR_USD,2018-12-11 13:00:00,1.1383,1.1387,1.1368,1.1370
EUR_USD,2018-12-11 12:00:00,1.1393,1.1397,1.1375,1.1383
EUR_USD,2018-12-11 11:00:00,1.1388,1.1400,1.1384,1.1393
EUR_USD,2018-12-11 10:00:00,1.1382,1.1391,1.1377,1.1388
EUR_USD,2018-12-11 09:00:00,1.1378,1.1384,1.1375,1.1382
EUR_USD,2018-12-11 08:00:00,1.1368,1.1387,1.1366,1.1378
EUR_USD,2018-12-11 07:00:00,1.1363,1.1377,1.1361,1.1368
EUR_USD,2018-12-11 06:00:00,1.1371,1.1371,1.1358,1.1363
EUR_USD,2018-12-11 05:00:00,1.1369,1.1372,1.1367,1.1371
EUR_USD,2018-12-11 04:00:00,1.1366,1.1370,1.1363,1.1369
EUR_USD,2018-12-11 03:00:00,1.1366,1.1370,1.1364,1.1365
EUR_USD,2018-12-11 02:00:00,1.1363,1.1368,1.1362,1.1366
EUR_USD,2018-12-11 01:00:00,1.1357,1.1365,1.1356,1.1362
EUR_USD,2018-12-11 00:00:00,1.1356,1.1359,1.1353,1.1357
EUR_USD,2018-12-10 23:00:00,1.1350,1.1358,1.1350,1.1356
EUR_USD,2018-12-10 22:00:00,1.1354,1.1358,1.1350,1.1351
EUR_USD,2018-12-10 21:00:00,1.1355,1.1357,1.1353,1.1355
EUR_USD,2018-12-10 20:00:00,1.1353,1.1358,1.1351,1.1355
EUR_USD,2018-12-10 19:00:00,1.1361,1.1362,1.1350,1.1353
EUR_USD,2018-12-10 18:00:00,1.1360,1.1362,1.1352,1.1361
EUR_USD,2018-12-10 17:00:00,1.1367,1.1378,1.1359,1.1360
EUR_USD,2018-12-10 16:00:00,1.1375,1.1379,1.1357,1.1367
EUR_USD,2018-12-10 15:00:00,1.1407,1.1415,1.1372,1.1375
EUR_USD,2018-12-10 14:00:00,1.1411,1.1414,1.1393,1.1407
EUR_USD,2018-12-10 13:00:00,1.1423,1.1428,1.1405,1.1411
EUR_USD,2018-12-10 12:00:00,1.1409,1.1427,1.1409,1.1423
EUR_USD,2018-12-10 11:00:00,1.1406,1.1426,1.1404,1.1409
EUR_USD,2018-12-10 10:00:00,1.1413,1.1414,1.1402,1.1406
EUR_USD,2018-12-10 09:00:00,1.1414,1.1422,1.1406,1.1413
EUR_USD,2018-12-10 08:00:00,1.1426,1.1435,1.1409,1.1414
EUR_USD,2018-12-10 07:00:00,1.1429,1.1440,1.1424,1.1426
EUR_USD,2018-12-10 06:00:00,1.1435,1.1440,1.1428,1.1429
EUR_USD,2018-12-10 05:00:00,1.1429,1.1437,1.1425,1.1436
EUR_USD,2018-12-10 04:00:00,1.1432,1.1432,1.1425,1.1429
EUR_USD,2018-12-10 03:00:00,1.1435,1.1436,1.1430,1.1432
EUR_USD,2018-12-10 02:00:00,1.1437,1.1443,1.1432,1.1435
EUR_USD,2018-12-10 01:00:00,1.1409,1.1439,1.1407,1.1437
EUR_USD,2018-12-10 00:00:00,1.1400,1.1410,1.1400,1.1409
EUR_USD,2018-12-09 23:00:00,1.1397,1.1407,1.1394,1.1400
EUR_USD,2018-12-09 22:00:00,1.1393,1.1401,1.1391,1.1397
EUR_USD,2018-12-07 21:00:00,1.1412,1.1412,1.1379,1.1379
EUR_USD,2018-12-07 20:00:00,1.1423,1.1423,1.1406,1.1411
EUR_USD,2018-12-07 19:00:00,1.1408,1.1424,1.1406,1.1423
EUR_USD,2018-12-07 18:00:00,1.1395,1.1409,1.1392,1.1408
EUR_USD,2018-12-07 17:00:00,1.1390,1.1397,1.1382,1.1395
EUR_USD,2018-12-07 16:00:00,1.1391,1.1404,1.1385,1.1390
EUR_USD,2018-12-07 15:00:00,1.1387,1.1392,1.1376,1.1391
EUR_USD,2018-12-07 14:00:00,1.1389,1.1405,1.1373,1.1387
EUR_USD,2018-12-07 13:00:00,1.1366,1.1415,1.1365,1.1389
EUR_USD,2018-12-07 12:00:00,1.1381,1.1383,1.1365,1.1366
EUR_USD,2018-12-07 11:00:00,1.1370,1.1384,1.1370,1.1381
EUR_USD,2018-12-07 10:00:00,1.1366,1.1374,1.1363,1.1371
EUR_USD,2018-12-07 09:00:00,1.1377,1.1380,1.1363,1.1366
EUR_USD,2018-12-07 08:00:00,1.1373,1.1383,1.1364,1.1377
EUR_USD,2018-12-07 07:00:00,1.1374,1.1376,1.1360,1.1374
EUR_USD,2018-12-07 06:00:00,1.1367,1.1374,1.1365,1.1374
EUR_USD,2018-12-07 05:00:00,1.1373,1.1375,1.1366,1.1367
EUR_USD,2018-12-07 04:00:00,1.1378,1.1379,1.1374,1.1374
EUR_USD,2018-12-07 03:00:00,1.1375,1.1382,1.1375,1.1378
EUR_USD,2018-12-07 02:00:00,1.1376,1.1378,1.1373,1.1375
EUR_USD,2018-12-07 01:00:00,1.1374,1.1378,1.1373,1.1376
EUR_USD,2018-12-07 00:00:00,1.1376,1.1378,1.1371,1.1374
EUR_USD,2018-12-06 23:00:00,1.1377,1.1379,1.1372,1.1376
EUR_USD,2018-12-06 22:00:00,1.1372,1.1384,1.1371,1.1378
EUR_USD,2018-12-06 21:00:00,1.1382,1.1384,1.1376,1.1377
EUR_USD,2018-12-06 20:00:00,1.1374,1.1382,1.1368,1.1382
EUR_USD,2018-12-06 19:00:00,1.1384,1.1390,1.1372,1.1373
EUR_USD,2018-12-06 18:00:00,1.1386,1.1393,1.1381,1.1384
EUR_USD,2018-12-06 17:00:00,1.1373,1.1390,1.1373,1.1387
EUR_USD,2018-12-06 16:00:00,1.1382,1.1386,1.1358,1.1373
EUR_USD,2018-12-06 15:00:00,1.1396,1.1413,1.1381,1.1382
EUR_USD,2018-12-06 14:00:00,1.1360,1.1400,1.1358,1.1396
EUR_USD,2018-12-06 13:00:00,1.1348,1.1369,1.1346,1.1360
EUR_USD,2018-12-06 12:00:00,1.1339,1.1351,1.1337,1.1348
EUR_USD,2018-12-06 11:00:00,1.1330,1.1344,1.1328,1.1339
EUR_USD,2018-12-06 10:00:00,1.1341,1.1344,1.1323,1.1330
EUR_USD,2018-12-06 09:00:00,1.1334,1.1347,1.1324,1.1341
EUR_USD,2018-12-06 08:00:00,1.1325,1.1339,1.1322,1.1334
EUR_USD,2018-12-06 07:00:00,1.1332,1.1341,1.1325,1.1325
EUR_USD,2018-12-06 06:00:00,1.1346,1.1346,1.1328,1.1332
EUR_USD,2018-12-06 05:00:00,1.1348,1.1353,1.1344,1.1346
EUR_USD,2018-12-06 04:00:00,1.1343,1.1348,1.1340,1.1347
EUR_USD,2018-12-06 03:00:00,1.1343,1.1346,1.1341,1.1343
EUR_USD,2018-12-06 02:00:00,1.1348,1.1351,1.1342,1.1343
EUR_USD,2018-12-06 01:00:00,1.1350,1.1352,1.1344,1.1348
EUR_USD,2018-12-06 00:00:00,1.1349,1.1352,1.1345,1.1349
EUR_USD,2018-12-05 23:00:00,1.1347,1.1351,1.1345,1.1349
EUR_USD,2018-12-05 22:00:00,1.1344,1.1351,1.1344,1.1347
EUR_USD,2018-12-05 21:00:00,1.1345,1.1347,1.1343,1.1345
EUR_USD,2018-12-05 20:00:00,1.1341,1.1346,1.1339,1.1345
EUR_USD,2018-12-05 19:00:00,1.1346,1.1348,1.1341,1.1341
EUR_USD,2018-12-05 18:00:00,1.1350,1.1354,1.1345,1.1345
EUR_USD,2018-12-05 17:00:00,1.1349,1.1359,1.1344,1.1350
EUR_USD,2018-12-05 16:00:00,1.1342,1.1353,1.1340,1.1349
EUR_USD,2018-12-05 15:00:00,1.1324,1.1343,1.1311,1.1342
EUR_USD,2018-12-05 14:00:00,1.1356,1.1359,1.1322,1.1324
EUR_USD,2018-12-05 13:00:00,1.1356,1.1362,1.1352,1.1356
EUR_USD,2018-12-05 12:00:00,1.1355,1.1358,1.1351,1.1356
EUR_USD,2018-12-05 11:00:00,1.1343,1.1358,1.1332,1.1355
EUR_USD,2018-12-05 10:00:00,1.1338,1.1345,1.1334,1.1343
EUR_USD,2018-12-05 09:00:00,1.1338,1.1344,1.1333,1.1338
EUR_USD,2018-12-05 08:00:00,1.1331,1.1344,1.1322,1.1338
EUR_USD,2018-12-05 07:00:00,1.1331,1.1338,1.1323,1.1331
EUR_USD,2018-12-05 06:00:00,1.1319,1.1332,1.1317,1.1331
EUR_USD,2018-12-05 05:00:00,1.1328,1.1328,1.1318,1.1319
EUR_USD,2018-12-05 04:00:00,1.1330,1.1333,1.1323,1.1328
EUR_USD,2018-12-05 03:00:00,1.1328,1.1334,1.1323,1.1330
EUR_USD,2018-12-05 02:00:00,1.1336,1.1336,1.1328,1.1328
EUR_USD,2018-12-05 01:00:00,1.1340,1.1341,1.1333,1.1336
EUR_USD,2018-12-05 00:00:00,1.1343,1.1346,1.1335,1.1340
EUR_USD,2018-12-04 23:00:00,1.1341,1.1345,1.1340,1.1343
EUR_USD,2018-12-04 22:00:00,1.1343,1.1345,1.1338,1.1341
EUR_USD,2018-12-04 21:00:00,1.1338,1.1343,1.1338,1.1343
EUR_USD,2018-12-04 20:00:00,1.1342,1.1343,1.1338,1.1338
EUR_USD,2018-12-04 19:00:00,1.1337,1.1344,1.1337,1.1342
EUR_USD,2018-12-04 18:00:00,1.1343,1.1349,1.1335,1.1337
EUR_USD,2018-12-04 17:00:00,1.1345,1.1346,1.1319,1.1343
EUR_USD,2018-12-04 16:00:00,1.1351,1.1361,1.1343,1.1346
EUR_USD,2018-12-04 15:00:00,1.1389,1.1392,1.1350,1.1351
EUR_USD,2018-12-04 14:00:00,1.1390,1.1399,1.1383,1.1389
EUR_USD,2018-12-04 13:00:00,1.1407,1.1410,1.1384,1.1390
EUR_USD,2018-12-04 12:00:00,1.1395,1.1408,1.1389,1.1407
EUR_USD,2018-12-04 11:00:00,1.1406,1.1418,1.1392,1.1395
EUR_USD,2018-12-04 10:00:00,1.1411,1.1412,1.1402,1.1406
EUR_USD,2018-12-04 09:00:00,1.1378,1.1419,1.1377,1.1411
EUR_USD,2018-12-04 08:00:00,1.1381,1.1399,1.1376,1.1378
EUR_USD,2018-12-04 07:00:00,1.1386,1.1393,1.1376,1.1381
EUR_USD,2018-12-04 06:00:00,1.1375,1.1388,1.1373,1.1386
EUR_USD,2018-12-04 05:00:00,1.1378,1.1379,1.1371,1.1375
EUR_USD,2018-12-04 04:00:00,1.1370,1.1382,1.1368,1.1378
EUR_USD,2018-12-04 03:00:00,1.1367,1.1372,1.1364,1.1370
EUR_USD,2018-12-04 02:00:00,1.1366,1.1369,1.1362,1.1367
EUR_USD,2018-12-04 01:00:00,1.1354,1.1367,1.1353,1.1366
EUR_USD,2018-12-04 00:00:00,1.1355,1.1357,1.1350,1.1354
EUR_USD,2018-12-03 23:00:00,1.1354,1.1356,1.1354,1.1355
EUR_USD,2018-12-03 22:00:00,1.1353,1.1357,1.1352,1.1354
EUR_USD,2018-12-03 21:00:00,1.1345,1.1356,1.1345,1.1354
EUR_USD,2018-12-03 20:00:00,1.1343,1.1346,1.1339,1.1345
EUR_USD,2018-12-03 19:00:00,1.1352,1.1353,1.1341,1.1343
EUR_USD,2018-12-03 18:00:00,1.1354,1.1356,1.1346,1.1352
EUR_USD,2018-12-03 17:00:00,1.1356,1.1364,1.1352,1.1354
EUR_USD,2018-12-03 16:00:00,1.1347,1.1362,1.1346,1.1356
EUR_USD,2018-12-03 15:00:00,1.1348,1.1358,1.1335,1.1347
EUR_USD,2018-12-03 14:00:00,1.1324,1.1352,1.1324,1.1348
EUR_USD,2018-12-03 13:00:00,1.1334,1.1344,1.1324,1.1324
EUR_USD,2018-12-03 12:00:00,1.1335,1.1341,1.1331,1.1334
EUR_USD,2018-12-03 11:00:00,1.1339,1.1340,1.1319,1.1335
EUR_USD,2018-12-03 10:00:00,1.1366,1.1366,1.1339,1.1339
EUR_USD,2018-12-03 09:00:00,1.1370,1.1371,1.1354,1.1366
EUR_USD,2018-12-03 08:00:00,1.1369,1.1374,1.1356,1.1370
EUR_USD,2018-12-03 07:00:00,1.1364,1.1380,1.1360,1.1369
EUR_USD,2018-12-03 06:00:00,1.1366,1.1368,1.1358,1.1364
EUR_USD,2018-12-03 05:00:00,1.1350,1.1370,1.1346,1.1366
EUR_USD,2018-12-03 04:00:00,1.1348,1.1357,1.1346,1.1350
EUR_USD,2018-12-03 03:00:00,1.1353,1.1353,1.1345,1.1348
EUR_USD,2018-12-03 02:00:00,1.1338,1.1356,1.1338,1.1352
EUR_USD,2018-12-03 01:00:00,1.1338,1.1344,1.1337,1.1339
EUR_USD,2018-12-03 00:00:00,1.1342,1.1342,1.1331,1.1338
EUR_USD,2018-12-02 23:00:00,1.1332,1.1343,1.1328,1.1343
EUR_USD,2018-12-02 22:00:00,1.1352,1.1355,1.1332,1.1332
EUR_USD,2018-11-30 21:00:00,1.1321,1.1322,1.1313,1.1318
EUR_USD,2018-11-30 20:00:00,1.1309,1.1322,1.1308,1.1321
EUR_USD,2018-11-30 19:00:00,1.1314,1.1316,1.1309,1.1309
EUR_USD,2018-11-30 18:00:00,1.1315,1.1316,1.1305,1.1314
EUR_USD,2018-11-30 17:00:00,1.1321,1.1326,1.1311,1.1315
EUR_USD,2018-11-30 16:00:00,1.1324,1.1326,1.1311,1.1321
EUR_USD,2018-11-30 15:00:00,1.1338,1.1345,1.1318,1.1324
EUR_USD,2018-11-30 14:00:00,1.1357,1.1370,1.1333,1.1338
EUR_USD,2018-11-30 13:00:00,1.1366,1.1368,1.1355,1.1357
EUR_USD,2018-11-30 12:00:00,1.1372,1.1372,1.1362,1.1366
EUR_USD,2018-11-30 11:00:00,1.1370,1.1380,1.1369,1.1372
EUR_USD,2018-11-30 10:00:00,1.1371,1.1374,1.1357,1.1370
EUR_USD,2018-11-30 09:00:00,1.1387,1.1389,1.1370,1.1371
EUR_USD,2018-11-30 08:00:00,1.1381,1.1388,1.1375,1.1387
EUR_USD,2018-11-30 07:00:00,1.1391,1.1395,1.1380,1.1381
EUR_USD,2018-11-30 06:00:00,1.1392,1.1398,1.1388,1.1391
EUR_USD,2018-11-30 05:00:00,1.1393,1.1395,1.1390,1.1392
EUR_USD,2018-11-30 04:00:00,1.1396,1.1396,1.1390,1.1393
EUR_USD,2018-11-30 03:00:00,1.1398,1.1401,1.1392,1.1396
EUR_USD,2018-11-30 02:00:00,1.1391,1.1399,1.1388,1.1398
EUR_USD,2018-11-30 01:00:00,1.1389,1.1391,1.1385,1.1391
EUR_USD,2018-11-30 00:00:00,1.1393,1.1396,1.1389,1.1389
EUR_USD,2018-11-29 23:00:00,1.1388,1.1393,1.1387,1.1392
EUR_USD,2018-11-29 22:00:00,1.1387,1.1395,1.1385,1.1388
EUR_USD,2018-11-29 21:00:00,1.1390,1.1395,1.1388,1.1393
EUR_USD,2018-11-29 20:00:00,1.1390,1.1396,1.1381,1.1390
EUR_USD,2018-11-29 19:00:00,1.1377,1.1392,1.1365,1.1389
EUR_USD,2018-11-29 18:00:00,1.1373,1.1380,1.1369,1.1377
EUR_USD,2018-11-29 17:00:00,1.1382,1.1384,1.1363,1.1373
EUR_USD,2018-11-29 16:00:00,1.1386,1.1398,1.1375,1.1382
EUR_USD,2018-11-29 15:00:00,1.1384,1.1386,1.1365,1.1386
EUR_USD,2018-11-29 14:00:00,1.1371,1.1387,1.1366,1.1384
EUR_USD,2018-11-29 13:00:00,1.1386,1.1402,1.1370,1.1372
EUR_USD,2018-11-29 12:00:00,1.1367,1.1394,1.1364,1.1386
EUR_USD,2018-11-29 11:00:00,1.1351,1.1368,1.1349,1.1367
EUR_USD,2018-11-29 10:00:00,1.1370,1.1376,1.1351,1.1351
EUR_USD,2018-11-29 09:00:00,1.1377,1.1379,1.1365,1.1370
EUR_USD,2018-11-29 08:00:00,1.1390,1.1398,1.1372,1.1376
EUR_USD,2018-11-29 07:00:00,1.1380,1.1398,1.1375,1.1390
EUR_USD,2018-11-29 06:00:00,1.1386,1.1391,1.1378,1.1381
EUR_USD,2018-11-29 05:00:00,1.1386,1.1392,1.1383,1.1386
EUR_USD,2018-11-29 04:00:00,1.1378,1.1389,1.1376,1.1386
EUR_USD,2018-11-29 03:00:00,1.1374,1.1380,1.1372,1.1378
EUR_USD,2018-11-29 02:00:00,1.1370,1.1375,1.1369,1.1374
EUR_USD,2018-11-29 01:00:00,1.1367,1.1372,1.1366,1.1370
EUR_USD,2018-11-29 00:00:00,1.1367,1.1371,1.1363,1.1367
EUR_USD,2018-11-28 23:00:00,1.1368,1.1371,1.1367,1.1367
EUR_USD,2018-11-28 22:00:00,1.1369,1.1373,1.1367,1.1368
EUR_USD,2018-11-28 21:00:00,1.1370,1.1370,1.1366,1.1367
EUR_USD,2018-11-28 20:00:00,1.1376,1.1377,1.1367,1.1370
EUR_USD,2018-11-28 19:00:00,1.1375,1.1386,1.1368,1.1376
EUR_USD,2018-11-28 18:00:00,1.1344,1.1389,1.1338,1.1375
EUR_USD,2018-11-28 17:00:00,1.1286,1.1370,1.1285,1.1344
EUR_USD,2018-11-28 16:00:00,1.1275,1.1287,1.1271,1.1285
EUR_USD,2018-11-28 15:00:00,1.1276,1.1286,1.1270,1.1275
EUR_USD,2018-11-28 14:00:00,1.1288,1.1289,1.1269,1.1276
EUR_USD,2018-11-28 13:00:00,1.1288,1.1292,1.1279,1.1288
EUR_USD,2018-11-28 12:00:00,1.1280,1.1290,1.1278,1.1288
EUR_USD,2018-11-28 11:00:00,1.1292,1.1294,1.1279,1.1280
EUR_USD,2018-11-28 10:00:00,1.1281,1.1294,1.1279,1.1292
EUR_USD,2018-11-28 09:00:00,1.1284,1.1289,1.1274,1.1281
EUR_USD,2018-11-28 08:00:00,1.1278,1.1284,1.1267,1.1284
EUR_USD,2018-11-28 07:00:00,1.1298,1.1299,1.1276,1.1278
EUR_USD,2018-11-28 06:00:00,1.1294,1.1301,1.1294,1.1298
EUR_USD,2018-11-28 05:00:00,1.1295,1.1299,1.1293,1.1294
EUR_USD,2018-11-28 04:00:00,1.1293,1.1296,1.1291,1.1295
EUR_USD,2018-11-28 03:00:00,1.1294,1.1296,1.1293,1.1293
EUR_USD,2018-11-28 02:00:00,1.1288,1.1295,1.1288,1.1294
EUR_USD,2018-11-28 01:00:00,1.1289,1.1291,1.1286,1.1288
EUR_USD,2018-11-28 00:00:00,1.1297,1.1297,1.1286,1.1289
EUR_USD,2018-11-27 23:00:00,1.1293,1.1299,1.1291,1.1297
EUR_USD,2018-11-27 22:00:00,1.1290,1.1297,1.1287,1.1293
EUR_USD,2018-11-27 21:00:00,1.1297,1.1298,1.1287,1.1293
EUR_USD,2018-11-27 20:00:00,1.1295,1.1299,1.1291,1.1297
EUR_USD,2018-11-27 19:00:00,1.1297,1.1299,1.1293,1.1295
EUR_USD,2018-11-27 18:00:00,1.1286,1.1303,1.1284,1.1297
EUR_USD,2018-11-27 17:00:00,1.1281,1.1293,1.1277,1.1286
EUR_USD,2018-11-27 16:00:00,1.1291,1.1294,1.1278,1.1281
EUR_USD,2018-11-27 15:00:00,1.1298,1.1311,1.1288,1.1291
EUR_USD,2018-11-27 14:00:00,1.1321,1.1330,1.1297,1.1298
EUR_USD,2018-11-27 13:00:00,1.1328,1.1337,1.1315,1.1321
EUR_USD,2018-11-27 12:00:00,1.1320,1.1329,1.1314,1.1328
EUR_USD,2018-11-27 11:00:00,1.1318,1.1324,1.1315,1.1320
EUR_USD,2018-11-27 10:00:00,1.1310,1.1332,1.1309,1.1318
EUR_USD,2018-11-27 09:00:00,1.1312,1.1326,1.1309,1.1310
EUR_USD,2018-11-27 08:00:00,1.1312,1.1318,1.1305,1.1312
EUR_USD,2018-11-27 07:00:00,1.1329,1.1344,1.1310,1.1312
EUR_USD,2018-11-27 06:00:00,1.1343,1.1344,1.1323,1.1329
EUR_USD,2018-11-27 05:00:00,1.1337,1.1343,1.1336,1.1343
EUR_USD,2018-11-27 04:00:00,1.1334,1.1339,1.1333,1.1337
EUR_USD,2018-11-27 03:00:00,1.1333,1.1339,1.1332,1.1333
EUR_USD,2018-11-27 02:00:00,1.1329,1.1336,1.1328,1.1333
EUR_USD,2018-11-27 01:00:00,1.1333,1.1334,1.1328,1.1330
EUR_USD,2018-11-27 00:00:00,1.1334,1.1335,1.1331,1.1333
EUR_USD,2018-11-26 23:00:00,1.1330,1.1334,1.1329,1.1333
EUR_USD,2018-11-26 22:00:00,1.1327,1.1333,1.1327,1.1330
EUR_USD,2018-11-26 21:00:00,1.1334,1.1336,1.1325,1.1328
EUR_USD,2018-11-26 20:00:00,1.1329,1.1336,1.1329,1.1334
EUR_USD,2018-11-26 19:00:00,1.1330,1.1335,1.1328,1.1329
EUR_USD,2018-11-26 18:00:00,1.1339,1.1342,1.1326,1.1330
EUR_USD,2018-11-26 17:00:00,1.1336,1.1345,1.1334,1.1339
EUR_USD,2018-11-26 16:00:00,1.1340,1.1348,1.1335,1.1335
EUR_USD,2018-11-26 15:00:00,1.1354,1.1357,1.1338,1.1340
EUR_USD,2018-11-26 14:00:00,1.1365,1.1367,1.1349,1.1354
EUR_USD,2018-11-26 13:00:00,1.1357,1.1376,1.1355,1.1365
EUR_USD,2018-11-26 12:00:00,1.1370,1.1371,1.1354,1.1357
EUR_USD,2018-11-26 11:00:00,1.1367,1.1371,1.1363,1.1370
EUR_USD,2018-11-26 10:00:00,1.1374,1.1377,1.1360,1.1367
EUR_USD,2018-11-26 09:00:00,1.1371,1.1384,1.1367,1.1374
EUR_USD,2018-11-26 08:00:00,1.1362,1.1377,1.1357,1.1371
EUR_USD,2018-11-26 07:00:00,1.1352,1.1371,1.1351,1.1362
EUR_USD,2018-11-26 06:00:00,1.1348,1.1355,1.1343,1.1353
EUR_USD,2018-11-26 05:00:00,1.1345,1.1350,1.1342,1.1348
EUR_USD,2018-11-26 04:00:00,1.1337,1.1346,1.1337,1.1345
EUR_USD,2018-11-26 03:00:00,1.1329,1.1341,1.1329,1.1337
EUR_USD,2018-11-26 02:00:00,1.1331,1.1334,1.1328,1.1328
EUR_USD,2018-11-26 01:00:00,1.1335,1.1338,1.1326,1.1331
EUR_USD,2018-11-26 00:00:00,1.1338,1.1340,1.1332,1.1335
EUR_USD,2018-11-25 23:00:00,1.1336,1.1338,1.1331,1.1338
EUR_USD,2018-11-25 22:00:00,1.1341,1.1342,1.1333,1.1336
EUR_USD,2018-11-23 21:00:00,1.1332,1.1340,1.1329,1.1336
EUR_USD,2018-11-23 20:00:00,1.1330,1.1340,1.1329,1.1331
EUR_USD,2018-11-23 19:00:00,1.1330,1.1332,1.1328,1.1330
EUR_USD,2018-11-23 18:00:00,1.1335,1.1335,1.1330,1.1330
EUR_USD,2018-11-23 17:00:00,1.1333,1.1340,1.1331,1.1335
EUR_USD,2018-11-23 16:00:00,1.1343,1.1346,1.1331,1.1332
EUR_USD,2018-11-23 15:00:00,1.1347,1.1359,1.1343,1.1343
EUR_USD,2018-11-23 14:00:00,1.1351,1.1358,1.1344,1.1347
EUR_USD,2018-11-23 13:00:00,1.1348,1.1358,1.1339,1.1351
EUR_USD,2018-11-23 12:00:00,1.1348,1.1360,1.1345,1.1348
EUR_USD,2018-11-23 11:00:00,1.1349,1.1353,1.1338,1.1348
EUR_USD,2018-11-23 10:00:00,1.1374,1.1380,1.1346,1.1349
EUR_USD,2018-11-23 09:00:00,1.1371,1.1385,1.1366,1.1374
EUR_USD,2018-11-23 08:00:00,1.1413,1.1419,1.1365,1.1371
EUR_USD,2018-11-23 07:00:00,1.1413,1.1418,1.1406,1.1413
EUR_USD,2018-11-23 06:00:00,1.1414,1.1422,1.1410,1.1413
EUR_USD,2018-11-23 05:00:00,1.1413,1.1417,1.1413,1.1414
EUR_USD,2018-11-23 04:00:00,1.1414,1.1417,1.1413,1.1414
EUR_USD,2018-11-23 03:00:00,1.1409,1.1416,1.1407,1.1414
EUR_USD,2018-11-23 02:00:00,1.1407,1.1413,1.1404,1.1409
EUR_USD,2018-11-23 01:00:00,1.1405,1.1408,1.1404,1.1407
EUR_USD,2018-11-23 00:00:00,1.1402,1.1406,1.1401,1.1405
EUR_USD,2018-11-22 23:00:00,1.1407,1.1407,1.1401,1.1403
EUR_USD,2018-11-22 22:00:00,1.1403,1.1408,1.1402,1.1405
EUR_USD,2018-11-22 21:00:00,1.1405,1.1408,1.1401,1.1403
EUR_USD,2018-11-22 20:00:00,1.1405,1.1407,1.1403,1.1405
EUR_USD,2018-11-22 19:00:00,1.1409,1.1409,1.1401,1.1405
EUR_USD,2018-11-22 18:00:00,1.1408,1.1409,1.1404,1.1409
EUR_USD,2018-11-22 17:00:00,1.1408,1.1410,1.1400,1.1407
EUR_USD,2018-11-22 16:00:00,1.1407,1.1408,1.1399,1.1408
EUR_USD,2018-11-22 15:00:00,1.1405,1.1412,1.1391,1.1407
EUR_USD,2018-11-22 14:00:00,1.1404,1.1414,1.1401,1.1404
EUR_USD,2018-11-22 13:00:00,1.1406,1.1407,1.1401,1.1403
EUR_USD,2018-11-22 12:00:00,1.1420,1.1420,1.1402,1.1407
EUR_USD,2018-11-22 11:00:00,1.1415,1.1420,1.1398,1.1420
EUR_USD,2018-11-22 10:00:00,1.1404,1.1434,1.1401,1.1415
EUR_USD,2018-11-22 09:00:00,1.1404,1.1408,1.1401,1.1404
EUR_USD,2018-11-22 08:00:00,1.1401,1.1408,1.1394,1.1404
EUR_USD,2018-11-22 07:00:00,1.1405,1.1410,1.1396,1.1400
EUR_USD,2018-11-22 06:00:00,1.1398,1.1412,1.1395,1.1405
EUR_USD,2018-11-22 05:00:00,1.1392,1.1399,1.1392,1.1398
EUR_USD,2018-11-22 04:00:00,1.1394,1.1398,1.1392,1.1392
EUR_USD,2018-11-22 03:00:00,1.1397,1.1400,1.1394,1.1394
EUR_USD,2018-11-22 02:00:00,1.1391,1.1401,1.1390,1.1397
EUR_USD,2018-11-22 01:00:00,1.1388,1.1391,1.1385,1.1391
EUR_USD,2018-11-22 00:00:00,1.1388,1.1392,1.1385,1.1387
EUR_USD,2018-11-21 23:00:00,1.1386,1.1390,1.1384,1.1388
EUR_USD,2018-11-21 22:00:00,1.1383,1.1391,1.1382,1.1386
EUR_USD,2018-11-21 21:00:00,1.1383,1.1386,1.1382,1.1386
EUR_USD,2018-11-21 20:00:00,1.1388,1.1391,1.1381,1.1383
EUR_USD,2018-11-21 19:00:00,1.1390,1.1394,1.1385,1.1388
EUR_USD,2018-11-21 18:00:00,1.1396,1.1397,1.1383,1.1390
EUR_USD,2018-11-21 17:00:00,1.1393,1.1402,1.1380,1.1396
EUR_USD,2018-11-21 16:00:00,1.1394,1.1406,1.1391,1.1393
EUR_USD,2018-11-21 15:00:00,1.1393,1.1415,1.1391,1.1394
EUR_USD,2018-11-21 14:00:00,1.1412,1.1412,1.1387,1.1393
EUR_USD,2018-11-21 13:00:00,1.1411,1.1425,1.1405,1.1412
EUR_USD,2018-11-21 12:00:00,1.1402,1.1415,1.1392,1.1411
EUR_USD,2018-11-21 11:00:00,1.1374,1.1418,1.1374,1.1402
EUR_USD,2018-11-21 10:00:00,1.1384,1.1407,1.1368,1.1374
EUR_USD,2018-11-21 09:00:00,1.1402,1.1405,1.1379,1.1384
EUR_USD,2018-11-21 08:00:00,1.1387,1.1410,1.1387,1.1402
EUR_USD,2018-11-21 07:00:00,1.1393,1.1402,1.1386,1.1387
EUR_USD,2018-11-21 06:00:00,1.1380,1.1401,1.1377,1.1393
EUR_USD,2018-11-21 05:00:00,1.1377,1.1382,1.1375,1.1380
EUR_USD,2018-11-21 04:00:00,1.1372,1.1378,1.1370,1.1378
EUR_USD,2018-11-21 03:00:00,1.1373,1.1375,1.1371,1.1372
EUR_USD,2018-11-21 02:00:00,1.1369,1.1375,1.1368,1.1373
EUR_USD,2018-11-21 01:00:00,1.1367,1.1371,1.1366,1.1369
EUR_USD,2018-11-21 00:00:00,1.1372,1.1374,1.1366,1.1367
EUR_USD,2018-11-20 23:00:00,1.1368,1.1373,1.1367,1.1372
EUR_USD,2018-11-20 22:00:00,1.1366,1.1371,1.1366,1.1368
EUR_USD,2018-11-20 21:00:00,1.1370,1.1373,1.1366,1.1370
EUR_USD,2018-11-20 20:00:00,1.1367,1.1372,1.1362,1.1370
EUR_USD,2018-11-20 19:00:00,1.1365,1.1370,1.1359,1.1367
EUR_USD,2018-11-20 18:00:00,1.1376,1.1376,1.1359,1.1365
EUR_USD,2018-11-20 17:00:00,1.1391,1.1394,1.1373,1.1376
EUR_USD,2018-11-20 16:00:00,1.1410,1.1414,1.1388,1.1391
EUR_USD,2018-11-20 15:00:00,1.1399,1.1412,1.1384,1.1410
EUR_USD,2018-11-20 14:00:00,1.1407,1.1410,1.1393,1.1399
EUR_USD,2018-11-20 13:00:00,1.1418,1.1422,1.1404,1.1407
EUR_USD,2018-11-20 12:00:00,1.1432,1.1435,1.1415,1.1418
EUR_USD,2018-11-20 11:00:00,1.1431,1.1438,1.1425,1.1432
EUR_USD,2018-11-20 10:00:00,1.1428,1.1439,1.1427,1.1431
EUR_USD,2018-11-20 09:00:00,1.1432,1.1437,1.1422,1.1428
EUR_USD,2018-11-20 08:00:00,1.1458,1.1473,1.1429,1.1432
EUR_USD,2018-11-20 07:00:00,1.1452,1.1465,1.1448,1.1458
EUR_USD,2018-11-20 06:00:00,1.1449,1.1457,1.1446,1.1452
EUR_USD,2018-11-20 05:00:00,1.1446,1.1452,1.1445,1.1449
EUR_USD,2018-11-20 04:00:00,1.1455,1.1456,1.1445,1.1446
EUR_USD,2018-11-20 03:00:00,1.1450,1.1457,1.1447,1.1455
EUR_USD,2018-11-20 02:00:00,1.1447,1.1453,1.1445,1.1450
EUR_USD,2018-11-20 01:00:00,1.1449,1.1451,1.1443,1.1447
EUR_USD,2018-11-20 00:00:00,1.1455,1.1458,1.1448,1.1449
EUR_USD,2018-11-19 23:00:00,1.1453,1.1458,1.1453,1.1454
EUR_USD,2018-11-19 22:00:00,1.1455,1.1457,1.1446,1.1453
EUR_USD,2018-11-19 21:00:00,1.1451,1.1454,1.1450,1.1453
EUR_USD,2018-11-19 20:00:00,1.1454,1.1457,1.1449,1.1452
EUR_USD,2018-11-19 19:00:00,1.1451,1.1458,1.1450,1.1454
EUR_USD,2018-11-19 18:00:00,1.1457,1.1458,1.1451,1.1451
EUR_USD,2018-11-19 17:00:00,1.1449,1.1458,1.1441,1.1458
EUR_USD,2018-11-19 16:00:00,1.1453,1.1457,1.1446,1.1448
EUR_USD,2018-11-19 15:00:00,1.1428,1.1465,1.1425,1.1453
EUR_USD,2018-11-19 14:00:00,1.1429,1.1436,1.1424,1.1428
EUR_USD,2018-11-19 13:00:00,1.1422,1.1438,1.1419,1.1429
EUR_USD,2018-11-19 12:00:00,1.1425,1.1429,1.1415,1.1422
EUR_USD,2018-11-19 11:00:00,1.1419,1.1435,1.1418,1.1425
EUR_USD,2018-11-19 10:00:00,1.1428,1.1429,1.1417,1.1419
EUR_USD,2018-11-19 09:00:00,1.1418,1.1430,1.1413,1.1428
EUR_USD,2018-11-19 08:00:00,1.1410,1.1429,1.1404,1.1418
EUR_USD,2018-11-19 07:00:00,1.1403,1.1415,1.1401,1.1410
EUR_USD,2018-11-19 06:00:00,1.1397,1.1406,1.1394,1.1403
EUR_USD,2018-11-19 05:00:00,1.1398,1.1401,1.1396,1.1398
EUR_USD,2018-11-19 04:00:00,1.1406,1.1407,1.1397,1.1398
EUR_USD,2018-11-19 03:00:00,1.1409,1.1413,1.1404,1.1406
EUR_USD,2018-11-19 02:00:00,1.1412,1.1414,1.1408,1.1409
EUR_USD,2018-11-19 01:00:00,1.1410,1.1416,1.1407,1.1412
EUR_USD,2018-11-19 00:00:00,1.1414,1.1414,1.1406,1.1410
EUR_USD,2018-11-18 23:00:00,1.1417,1.1421,1.1406,1.1414
EUR_USD,2018-11-18 22:00:00,1.1414,1.1421,1.1413,1.1417
EUR_USD,2018-11-16 21:00:00,1.1416,1.1420,1.1412,1.1419
EUR_USD,2018-11-16 20:00:00,1.1414,1.1420,1.1408,1.1416
EUR_USD,2018-11-16 19:00:00,1.1411,1.1414,1.1403,1.1414
EUR_USD,2018-11-16 18:00:00,1.1412,1.1420,1.1411,1.1411
EUR_USD,2018-11-16 17:00:00,1.1402,1.1420,1.1402,1.1412
EUR_USD,2018-11-16 16:00:00,1.1395,1.1410,1.1392,1.1402
EUR_USD,2018-11-16 15:00:00,1.1405,1.1407,1.1391,1.1395
EUR_USD,2018-11-16 14:00:00,1.1389,1.1412,1.1389,1.1405
EUR_USD,2018-11-16 13:00:00,1.1337,1.1392,1.1325,1.1389
EUR_USD,2018-11-16 12:00:00,1.1329,1.1343,1.1327,1.1337
EUR_USD,2018-11-16 11:00:00,1.1330,1.1333,1.1322,1.1329
EUR_USD,2018-11-16 10:00:00,1.1340,1.1340,1.1325,1.1330
EUR_USD,2018-11-16 09:00:00,1.1349,1.1355,1.1337,1.1340
EUR_USD,2018-11-16 08:00:00,1.1343,1.1368,1.1343,1.1349
EUR_USD,2018-11-16 07:00:00,1.1349,1.1357,1.1336,1.1343
EUR_USD,2018-11-16 06:00:00,1.1342,1.1350,1.1337,1.1349
EUR_USD,2018-11-16 05:00:00,1.1334,1.1343,1.1334,1.1342
EUR_USD,2018-11-16 04:00:00,1.1336,1.1337,1.1332,1.1334
EUR_USD,2018-11-16 03:00:00,1.1335,1.1338,1.1332,1.1336
EUR_USD,2018-11-16 02:00:00,1.1340,1.1343,1.1334,1.1335
EUR_USD,2018-11-16 01:00:00,1.1335,1.1343,1.1334,1.1340
EUR_USD,2018-11-16 00:00:00,1.1325,1.1337,1.1324,1.1335
EUR_USD,2018-11-15 23:00:00,1.1324,1.1328,1.1322,1.1325
EUR_USD,2018-11-15 22:00:00,1.1325,1.1331,1.1323,1.1324
EUR_USD,2018-11-15 21:00:00,1.1333,1.1335,1.1322,1.1329
EUR_USD,2018-11-15 20:00:00,1.1351,1.1352,1.1331,1.1333
EUR_USD,2018-11-15 19:00:00,1.1318,1.1363,1.1317,1.1351
EUR_USD,2018-11-15 18:00:00,1.1315,1.1338,1.1309,1.1318
EUR_USD,2018-11-15 17:00:00,1.1323,1.1327,1.1310,1.1315
EUR_USD,2018-11-15 16:00:00,1.1318,1.1340,1.1307,1.1323
EUR_USD,2018-11-15 15:00:00,1.1301,1.1323,1.1300,1.1318
EUR_USD,2018-11-15 14:00:00,1.1291,1.1316,1.1288,1.1300
EUR_USD,2018-11-15 13:00:00,1.1308,1.1310,1.1287,1.1291
EUR_USD,2018-11-15 12:00:00,1.1312,1.1316,1.1301,1.1308
EUR_USD,2018-11-15 11:00:00,1.1300,1.1319,1.1297,1.1313
EUR_USD,2018-11-15 10:00:00,1.1285,1.1302,1.1271,1.1300
EUR_USD,2018-11-15 09:00:00,1.1320,1.1327,1.1285,1.1285
EUR_USD,2018-11-15 08:00:00,1.1336,1.1352,1.1307,1.1321
EUR_USD,2018-11-15 07:00:00,1.1343,1.1347,1.1328,1.1336
EUR_USD,2018-11-15 06:00:00,1.1333,1.1347,1.1331,1.1343
EUR_USD,2018-11-15 05:00:00,1.1338,1.1339,1.1328,1.1333
EUR_USD,2018-11-15 04:00:00,1.1330,1.1342,1.1327,1.1338
EUR_USD,2018-11-15 03:00:00,1.1327,1.1334,1.1323,1.1330
EUR_USD,2018-11-15 02:00:00,1.1316,1.1332,1.1315,1.1327
EUR_USD,2018-11-15 01:00:00,1.1319,1.1324,1.1313,1.1316
EUR_USD,2018-11-15 00:00:00,1.1312,1.1321,1.1311,1.1319
EUR_USD,2018-11-14 23:00:00,1.1314,1.1320,1.1310,1.1312
EUR_USD,2018-11-14 22:00:00,1.1308,1.1317,1.1308,1.1314
EUR_USD,2018-11-14 21:00:00,1.1322,1.1323,1.1306,1.1309
EUR_USD,2018-11-14 20:00:00,1.1340,1.1345,1.1323,1.1323
EUR_USD,2018-11-14 19:00:00,1.1309,1.1341,1.1301,1.1340
EUR_USD,2018-11-14 18:00:00,1.1294,1.1312,1.1276,1.1309
EUR_USD,2018-11-14 17:00:00,1.1313,1.1319,1.1283,1.1294
EUR_USD,2018-11-14 16:00:00,1.1309,1.1319,1.1305,1.1313
EUR_USD,2018-11-14 15:00:00,1.1333,1.1341,1.1306,1.1308
EUR_USD,2018-11-14 14:00:00,1.1285,1.1348,1.1285,1.1333
EUR_USD,2018-11-14 13:00:00,1.1283,1.1311,1.1283,1.1285
EUR_USD,2018-11-14 12:00:00,1.1273,1.1289,1.1272,1.1283
EUR_USD,2018-11-14 11:00:00,1.1270,1.1274,1.1263,1.1273
EUR_USD,2018-11-14 10:00:00,1.1270,1.1273,1.1264,1.1270
EUR_USD,2018-11-14 09:00:00,1.1283,1.1288,1.1267,1.1270
EUR_USD,2018-11-14 08:00:00,1.1293,1.1294,1.1278,1.1282
EUR_USD,2018-11-14 07:00:00,1.1297,1.1299,1.1276,1.1293
EUR_USD,2018-11-14 06:00:00,1.1290,1.1302,1.1286,1.1297
EUR_USD,2018-11-14 05:00:00,1.1288,1.1294,1.1287,1.1290
EUR_USD,2018-11-14 04:00:00,1.1301,1.1301,1.1286,1.1288
EUR_USD,2018-11-14 03:00:00,1.1299,1.1306,1.1298,1.1300
EUR_USD,2018-11-14 02:00:00,1.1308,1.1309,1.1297,1.1299
EUR_USD,2018-11-14 01:00:00,1.1304,1.1309,1.1303,1.1308
EUR_USD,2018-11-14 00:00:00,1.1312,1.1320,1.1304,1.1304
EUR_USD,2018-11-13 23:00:00,1.1299,1.1321,1.1298,1.1311
EUR_USD,2018-11-13 22:00:00,1.1289,1.1300,1.1285,1.1300
EUR_USD,2018-11-13 21:00:00,1.1285,1.1293,1.1282,1.1290
EUR_USD,2018-11-13 20:00:00,1.1268,1.1287,1.1268,1.1285
EUR_USD,2018-11-13 19:00:00,1.1257,1.1270,1.1253,1.1268
EUR_USD,2018-11-13 18:00:00,1.1279,1.1282,1.1256,1.1258
EUR_USD,2018-11-13 17:00:00,1.1288,1.1288,1.1272,1.1279
EUR_USD,2018-11-13 16:00:00,1.1281,1.1294,1.1271,1.1287
EUR_USD,2018-11-13 15:00:00,1.1265,1.1284,1.1263,1.1280
EUR_USD,2018-11-13 14:00:00,1.1267,1.1280,1.1265,1.1265
EUR_USD,2018-11-13 13:00:00,1.1260,1.1272,1.1258,1.1267
EUR_USD,2018-11-13 12:00:00,1.1254,1.1271,1.1247,1.1260
EUR_USD,2018-11-13 11:00:00,1.1241,1.1255,1.1236,1.1254
EUR_USD,2018-11-13 10:00:00,1.1236,1.1244,1.1222,1.1241
EUR_USD,2018-11-13 09:00:00,1.1236,1.1240,1.1228,1.1235
EUR_USD,2018-11-13 08:00:00,1.1238,1.1251,1.1225,1.1236
EUR_USD,2018-11-13 07:00:00,1.1252,1.1257,1.1234,1.1238
EUR_USD,2018-11-13 06:00:00,1.1240,1.1252,1.1237,1.1252
EUR_USD,2018-11-13 05:00:00,1.1246,1.1249,1.1239,1.1240
EUR_USD,2018-11-13 04:00:00,1.1245,1.1252,1.1241,1.1246
EUR_USD,2018-11-13 03:00:00,1.1234,1.1250,1.1232,1.1245
EUR_USD,2018-11-13 02:00:00,1.1235,1.1238,1.1229,1.1234
EUR_USD,2018-11-13 01:00:00,1.1228,1.1237,1.1227,1.1236
EUR_USD,2018-11-13 00:00:00,1.1224,1.1229,1.1222,1.1228
EUR_USD,2018-11-12 23:00:00,1.1220,1.1226,1.1219,1.1224
EUR_USD,2018-11-12 22:00:00,1.1219,1.1226,1.1217,1.1220
EUR_USD,2018-11-12 21:00:00,1.1233,1.1236,1.1215,1.1218
EUR_USD,2018-11-12 20:00:00,1.1240,1.1243,1.1233,1.1233
EUR_USD,2018-11-12 19:00:00,1.1242,1.1245,1.1238,1.1241
EUR_USD,2018-11-12 18:00:00,1.1245,1.1246,1.1236,1.1242
EUR_USD,2018-11-12 17:00:00,1.1255,1.1257,1.1243,1.1245
EUR_USD,2018-11-12 16:00:00,1.1251,1.1256,1.1242,1.1255
EUR_USD,2018-11-12 15:00:00,1.1265,1.1273,1.1249,1.1251
EUR_USD,2018-11-12 14:00:00,1.1272,1.1273,1.1261,1.1265
EUR_USD,2018-11-12 13:00:00,1.1273,1.1278,1.1262,1.1272
EUR_USD,2018-11-12 12:00:00,1.1262,1.1274,1.1261,1.1273
EUR_USD,2018-11-12 11:00:00,1.1261,1.1262,1.1247,1.1262
EUR_USD,2018-11-12 10:00:00,1.1257,1.1269,1.1252,1.1261
EUR_USD,2018-11-12 09:00:00,1.1261,1.1265,1.1254,1.1257
EUR_USD,2018-11-12 08:00:00,1.1260,1.1262,1.1240,1.1261
EUR_USD,2018-11-12 07:00:00,1.1273,1.1282,1.1259,1.1260
EUR_USD,2018-11-12 06:00:00,1.1310,1.1312,1.1268,1.1273
EUR_USD,2018-11-12 05:00:00,1.1323,1.1324,1.1308,1.1310
EUR_USD,2018-11-12 04:00:00,1.1326,1.1326,1.1319,1.1323
EUR_USD,2018-11-12 03:00:00,1.1329,1.1330,1.1325,1.1326
EUR_USD,2018-11-12 02:00:00,1.1325,1.1330,1.1325,1.1329
EUR_USD,2018-11-12 01:00:00,1.1326,1.1328,1.1323,1.1325
EUR_USD,2018-11-12 00:00:00,1.1324,1.1326,1.1319,1.1326
EUR_USD,2018-11-11 23:00:00,1.1318,1.1325,1.1317,1.1324
EUR_USD,2018-11-11 22:00:00,1.1323,1.1332,1.1314,1.1317
EUR_USD,2018-11-09 21:00:00,1.1337,1.1340,1.1333,1.1335
EUR_USD,2018-11-09 20:00:00,1.1336,1.1338,1.1330,1.1337
EUR_USD,2018-11-09 19:00:00,1.1331,1.1340,1.1330,1.1336
EUR_USD,2018-11-09 18:00:00,1.1332,1.1339,1.1327,1.1331
EUR_USD,2018-11-09 17:00:00,1.1325,1.1338,1.1317,1.1333
EUR_USD,2018-11-09 16:00:00,1.1353,1.1359,1.1323,1.1325
EUR_USD,2018-11-09 15:00:00,1.1341,1.1356,1.1340,1.1353
EUR_USD,2018-11-09 14:00:00,1.1351,1.1360,1.1341,1.1341
EUR_USD,2018-11-09 13:00:00,1.1350,1.1353,1.1331,1.1351
EUR_USD,2018-11-09 12:00:00,1.1355,1.1355,1.1341,1.1350
EUR_USD,2018-11-09 11:00:00,1.1345,1.1357,1.1341,1.1354
EUR_USD,2018-11-09 10:00:00,1.1337,1.1349,1.1327,1.1345
EUR_USD,2018-11-09 09:00:00,1.1331,1.1344,1.1330,1.1337
EUR_USD,2018-11-09 08:00:00,1.1337,1.1347,1.1330,1.1331
EUR_USD,2018-11-09 07:00:00,1.1346,1.1349,1.1335,1.1337
EUR_USD,2018-11-09 06:00:00,1.1349,1.1351,1.1342,1.1345
EUR_USD,2018-11-09 05:00:00,1.1348,1.1351,1.1345,1.1349
EUR_USD,2018-11-09 04:00:00,1.1347,1.1349,1.1341,1.1348
EUR_USD,2018-11-09 03:00:00,1.1354,1.1357,1.1341,1.1347
EUR_USD,2018-11-09 02:00:00,1.1359,1.1361,1.1352,1.1354
EUR_USD,2018-11-09 01:00:00,1.1367,1.1367,1.1358,1.1359
EUR_USD,2018-11-09 00:00:00,1.1368,1.1369,1.1364,1.1366
EUR_USD,2018-11-08 23:00:00,1.1365,1.1369,1.1364,1.1368
EUR_USD,2018-11-08 22:00:00,1.1364,1.1367,1.1362,1.1365
EUR_USD,2018-11-08 21:00:00,1.1361,1.1367,1.1359,1.1363
EUR_USD,2018-11-08 20:00:00,1.1356,1.1365,1.1352,1.1361
EUR_USD,2018-11-08 19:00:00,1.1399,1.1411,1.1356,1.1356
EUR_USD,2018-11-08 18:00:00,1.1393,1.1402,1.1390,1.1399
EUR_USD,2018-11-08 17:00:00,1.1416,1.1417,1.1389,1.1393
EUR_USD,2018-11-08 16:00:00,1.1426,1.1428,1.1411,1.1416
EUR_USD,2018-11-08 15:00:00,1.1434,1.1447,1.1426,1.1426
EUR_USD,2018-11-08 14:00:00,1.1427,1.1442,1.1424,1.1434
EUR_USD,2018-11-08 13:00:00,1.1418,1.1432,1.1418,1.1427
EUR_USD,2018-11-08 12:00:00,1.1411,1.1426,1.1409,1.1418
EUR_USD,2018-11-08 11:00:00,1.1420,1.1423,1.1404,1.1411
EUR_USD,2018-11-08 10:00:00,1.1423,1.1428,1.1412,1.1420
EUR_USD,2018-11-08 09:00:00,1.1430,1.1432,1.1414,1.1423
EUR_USD,2018-11-08 08:00:00,1.1435,1.1445,1.1426,1.1430
EUR_USD,2018-11-08 07:00:00,1.1435,1.1437,1.1412,1.1435
EUR_USD,2018-11-08 06:00:00,1.1434,1.1436,1.1429,1.1435
EUR_USD,2018-11-08 05:00:00,1.1425,1.1434,1.1425,1.1434
EUR_USD,2018-11-08 04:00:00,1.1429,1.1430,1.1423,1.1425
EUR_USD,2018-11-08 03:00:00,1.1427,1.1431,1.1426,1.1429
EUR_USD,2018-11-08 02:00:00,1.1433,1.1434,1.1425,1.1427
EUR_USD,2018-11-08 01:00:00,1.1433,1.1435,1.1430,1.1433
EUR_USD,2018-11-08 00:00:00,1.1433,1.1436,1.1428,1.1433
EUR_USD,2018-11-07 23:00:00,1.1430,1.1434,1.1425,1.1433
EUR_USD,2018-11-07 22:00:00,1.1426,1.1436,1.1426,1.1431
EUR_USD,2018-11-07 21:00:00,1.1440,1.1443,1.1425,1.1426
EUR_USD,2018-11-07 20:00:00,1.1455,1.1458,1.1435,1.1439
EUR_USD,2018-11-07 19:00:00,1.1450,1.1456,1.1443,1.1455
EUR_USD,2018-11-07 18:00:00,1.1465,1.1468,1.1443,1.1450
EUR_USD,2018-11-07 17:00:00,1.1459,1.1468,1.1456,1.1464
EUR_USD,2018-11-07 16:00:00,1.1471,1.1476,1.1456,1.1459
EUR_USD,2018-11-07 15:00:00,1.1478,1.1487,1.1466,1.1470
EUR_USD,2018-11-07 14:00:00,1.1479,1.1484,1.1462,1.1478
EUR_USD,2018-11-07 13:00:00,1.1489,1.1492,1.1479,1.1480
EUR_USD,2018-11-07 12:00:00,1.1490,1.1492,1.1474,1.1489
EUR_USD,2018-11-07 11:00:00,1.1491,1.1500,1.1487,1.1490
EUR_USD,2018-11-07 10:00:00,1.1491,1.1500,1.1485,1.1491
EUR_USD,2018-11-07 09:00:00,1.1473,1.1494,1.1471,1.1491
EUR_USD,2018-11-07 08:00:00,1.1453,1.1476,1.1451,1.1473
EUR_USD,2018-11-07 07:00:00,1.1436,1.1468,1.1434,1.1453
EUR_USD,2018-11-07 06:00:00,1.1452,1.1456,1.1431,1.1436
EUR_USD,2018-11-07 05:00:00,1.1457,1.1462,1.1446,1.1452
EUR_USD,2018-11-07 04:00:00,1.1465,1.1471,1.1456,1.1458
EUR_USD,2018-11-07 03:00:00,1.1440,1.1466,1.1434,1.1465
EUR_USD,2018-11-07 02:00:00,1.1420,1.1442,1.1394,1.1440
EUR_USD,2018-11-07 01:00:00,1.1466,1.1473,1.1398,1.1420
EUR_USD,2018-11-07 00:00:00,1.1441,1.1470,1.1431,1.1466
EUR_USD,2018-11-06 23:00:00,1.1419,1.1442,1.1419,1.1441
EUR_USD,2018-11-06 22:00:00,1.1427,1.1429,1.1416,1.1420
EUR_USD,2018-11-06 21:00:00,1.1418,1.1427,1.1415,1.1427
EUR_USD,2018-11-06 20:00:00,1.1413,1.1419,1.1411,1.1418
EUR_USD,2018-11-06 19:00:00,1.1412,1.1418,1.1412,1.1413
EUR_USD,2018-11-06 18:00:00,1.1412,1.1415,1.1406,1.1412
EUR_USD,2018-11-06 17:00:00,1.1411,1.1424,1.1410,1.1412
EUR_USD,2018-11-06 16:00:00,1.1417,1.1419,1.1406,1.1411
EUR_USD,2018-11-06 15:00:00,1.1417,1.1420,1.1410,1.1417
EUR_USD,2018-11-06 14:00:00,1.1428,1.1430,1.1413,1.1418
EUR_USD,2018-11-06 13:00:00,1.1418,1.1438,1.1418,1.1428
EUR_USD,2018-11-06 12:00:00,1.1407,1.1423,1.1405,1.1418
EUR_USD,2018-11-06 11:00:00,1.1402,1.1408,1.1393,1.1407
EUR_USD,2018-11-06 10:00:00,1.1406,1.1408,1.1392,1.1402
EUR_USD,2018-11-06 09:00:00,1.1421,1.1426,1.1404,1.1406
EUR_USD,2018-11-06 08:00:00,1.1414,1.1425,1.1408,1.1421
EUR_USD,2018-11-06 07:00:00,1.1413,1.1420,1.1403,1.1414
EUR_USD,2018-11-06 06:00:00,1.1405,1.1414,1.1402,1.1413
EUR_USD,2018-11-06 05:00:00,1.1400,1.1406,1.1400,1.1405
EUR_USD,2018-11-06 04:00:00,1.1406,1.1406,1.1399,1.1400
EUR_USD,2018-11-06 03:00:00,1.1409,1.1410,1.1405,1.1406
EUR_USD,2018-11-06 02:00:00,1.1407,1.1411,1.1405,1.1409
EUR_USD,2018-11-06 01:00:00,1.1411,1.1414,1.1405,1.1407
EUR_USD,2018-11-06 00:00:00,1.1409,1.1414,1.1407,1.1411
EUR_USD,2018-11-05 23:00:00,1.1409,1.1412,1.1406,1.1409
EUR_USD,2018-11-05 22:00:00,1.1408,1.1413,1.1407,1.1408
EUR_USD,2018-11-05 21:00:00,1.1408,1.1411,1.1407,1.1408
EUR_USD,2018-11-05 20:00:00,1.1418,1.1419,1.1408,1.1408
EUR_USD,2018-11-05 19:00:00,1.1422,1.1424,1.1413,1.1418
EUR_USD,2018-11-05 18:00:00,1.1396,1.1424,1.1394,1.1422
EUR_USD,2018-11-05 17:00:00,1.1392,1.1400,1.1390,1.1395
EUR_USD,2018-11-05 16:00:00,1.1399,1.1406,1.1392,1.1392
EUR_USD,2018-11-05 15:00:00,1.1399,1.1406,1.1394,1.1399
EUR_USD,2018-11-05 14:00:00,1.1379,1.1400,1.1378,1.1399
EUR_USD,2018-11-05 13:00:00,1.1368,1.1380,1.1365,1.1379
EUR_USD,2018-11-05 12:00:00,1.1372,1.1374,1.1353,1.1368
EUR_USD,2018-11-05 11:00:00,1.1383,1.1385,1.1365,1.1372
EUR_USD,2018-11-05 10:00:00,1.1382,1.1388,1.1377,1.1383
EUR_USD,2018-11-05 09:00:00,1.1381,1.1386,1.1375,1.1382
EUR_USD,2018-11-05 08:00:00,1.1382,1.1395,1.1379,1.1381
EUR_USD,2018-11-05 07:00:00,1.1388,1.1399,1.1377,1.1382
EUR_USD,2018-11-05 06:00:00,1.1390,1.1397,1.1388,1.1388
EUR_USD,2018-11-05 05:00:00,1.1385,1.1392,1.1384,1.1390
EUR_USD,2018-11-05 04:00:00,1.1383,1.1388,1.1383,1.1385
EUR_USD,2018-11-05 03:00:00,1.1385,1.1388,1.1382,1.1383
EUR_USD,2018-11-05 02:00:00,1.1389,1.1392,1.1384,1.1385
EUR_USD,2018-11-05 01:00:00,1.1395,1.1395,1.1385,1.1389
EUR_USD,2018-11-05 00:00:00,1.1398,1.1398,1.1393,1.1395
EUR_USD,2018-11-04 23:00:00,1.1391,1.1400,1.1391,1.1398
EUR_USD,2018-11-04 22:00:00,1.1387,1.1398,1.1387,1.1391
EUR_USD,2018-11-02 20:00:00,1.1395,1.1397,1.1386,1.1387
EUR_USD,2018-11-02 19:00:00,1.1385,1.1401,1.1385,1.1395
EUR_USD,2018-11-02 18:00:00,1.1383,1.1389,1.1378,1.1385
EUR_USD,2018-11-02 17:00:00,1.1386,1.1386,1.1375,1.1383
EUR_USD,2018-11-02 16:00:00,1.1378,1.1386,1.1372,1.1386
EUR_USD,2018-11-02 15:00:00,1.1419,1.1420,1.1374,1.1378
EUR_USD,2018-11-02 14:00:00,1.1418,1.1431,1.1416,1.1419
EUR_USD,2018-11-02 13:00:00,1.1417,1.1423,1.1405,1.1418
EUR_USD,2018-11-02 12:00:00,1.1446,1.1451,1.1411,1.1417
EUR_USD,2018-11-02 11:00:00,1.1449,1.1456,1.1443,1.1445
EUR_USD,2018-11-02 10:00:00,1.1438,1.1450,1.1435,1.1449
EUR_USD,2018-11-02 09:00:00,1.1430,1.1445,1.1424,1.1438
EUR_USD,2018-11-02 08:00:00,1.1437,1.1443,1.1430,1.1430
EUR_USD,2018-11-02 07:00:00,1.1421,1.1444,1.1417,1.1437
EUR_USD,2018-11-02 06:00:00,1.1424,1.1430,1.1417,1.1420
EUR_USD,2018-11-02 05:00:00,1.1409,1.1429,1.1408,1.1424
EUR_USD,2018-11-02 04:00:00,1.1401,1.1418,1.1399,1.1409
EUR_USD,2018-11-02 03:00:00,1.1397,1.1403,1.1395,1.1401
EUR_USD,2018-11-02 02:00:00,1.1393,1.1399,1.1392,1.1397
EUR_USD,2018-11-02 01:00:00,1.1401,1.1401,1.1391,1.1393
EUR_USD,2018-11-02 00:00:00,1.1403,1.1406,1.1399,1.1401
EUR_USD,2018-11-01 23:00:00,1.1404,1.1406,1.1402,1.1403
EUR_USD,2018-11-01 22:00:00,1.1402,1.1408,1.1402,1.1404
EUR_USD,2018-11-01 21:00:00,1.1407,1.1415,1.1401,1.1402
EUR_USD,2018-11-01 20:00:00,1.1411,1.1412,1.1406,1.1408
EUR_USD,2018-11-01 19:00:00,1.1409,1.1414,1.1406,1.1411
EUR_USD,2018-11-01 18:00:00,1.1411,1.1417,1.1405,1.1409
EUR_USD,2018-11-01 17:00:00,1.1408,1.1424,1.1406,1.1411
EUR_USD,2018-11-01 16:00:00,1.1397,1.1410,1.1390,1.1408
EUR_USD,2018-11-01 15:00:00,1.1408,1.1411,1.1394,1.1397
EUR_USD,2018-11-01 14:00:00,1.1394,1.1414,1.1393,1.1409
EUR_USD,2018-11-01 13:00:00,1.1387,1.1396,1.1385,1.1393
EUR_USD,2018-11-01 12:00:00,1.1395,1.1405,1.1386,1.1387
EUR_USD,2018-11-01 11:00:00,1.1372,1.1403,1.1371,1.1395
EUR_USD,2018-11-01 10:00:00,1.1380,1.1383,1.1368,1.1372
EUR_USD,2018-11-01 09:00:00,1.1378,1.1388,1.1373,1.1380
EUR_USD,2018-11-01 08:00:00,1.1361,1.1382,1.1353,1.1378
EUR_USD,2018-11-01 07:00:00,1.1350,1.1366,1.1347,1.1361
EUR_USD,2018-11-01 06:00:00,1.1342,1.1352,1.1338,1.1350
EUR_USD,2018-11-01 05:00:00,1.1344,1.1346,1.1338,1.1342
EUR_USD,2018-11-01 04:00:00,1.1346,1.1348,1.1342,1.1343
EUR_USD,2018-11-01 03:00:00,1.1341,1.1350,1.1340,1.1346
EUR_USD,2018-11-01 02:00:00,1.1336,1.1343,1.1334,1.1341
EUR_USD,2018-11-01 01:00:00,1.1328,1.1339,1.1326,1.1336
EUR_USD,2018-11-01 00:00:00,1.1315,1.1331,1.1312,1.1328
EUR_USD,2018-10-31 23:00:00,1.1318,1.1319,1.1314,1.1315
EUR_USD,2018-10-31 22:00:00,1.1315,1.1318,1.1313,1.1317
EUR_USD,2018-10-31 21:00:00,1.1311,1.1316,1.1309,1.1315
EUR_USD,2018-10-31 20:00:00,1.1328,1.1328,1.1310,1.1312
EUR_USD,2018-10-31 19:00:00,1.1314,1.1328,1.1314,1.1328
EUR_USD,2018-10-31 18:00:00,1.1306,1.1318,1.1306,1.1314
EUR_USD,2018-10-31 17:00:00,1.1313,1.1315,1.1302,1.1306
EUR_USD,2018-10-31 16:00:00,1.1332,1.1333,1.1305,1.1313
EUR_USD,2018-10-31 15:00:00,1.1321,1.1347,1.1315,1.1331
EUR_USD,2018-10-31 14:00:00,1.1319,1.1327,1.1310,1.1321
EUR_USD,2018-10-31 13:00:00,1.1323,1.1324,1.1311,1.1319
EUR_USD,2018-10-31 12:00:00,1.1344,1.1348,1.1321,1.1322
EUR_USD,2018-10-31 11:00:00,1.1339,1.1353,1.1335,1.1343
EUR_USD,2018-10-31 10:00:00,1.1337,1.1344,1.1332,1.1339
EUR_USD,2018-10-31 09:00:00,1.1354,1.1355,1.1330,1.1337
EUR_USD,2018-10-31 08:00:00,1.1347,1.1360,1.1345,1.1354
EUR_USD,2018-10-31 07:00:00,1.1345,1.1354,1.1336,1.1347
EUR_USD,2018-10-31 06:00:00,1.1343,1.1346,1.1338,1.1345
EUR_USD,2018-10-31 05:00:00,1.1343,1.1347,1.1337,1.1343
EUR_USD,2018-10-31 04:00:00,1.1341,1.1343,1.1336,1.1342
EUR_USD,2018-10-31 03:00:00,1.1344,1.1345,1.1339,1.1341
EUR_USD,2018-10-31 02:00:00,1.1345,1.1349,1.1344,1.1344
EUR_USD,2018-10-31 01:00:00,1.1342,1.1351,1.1340,1.1345
EUR_USD,2018-10-31 00:00:00,1.1345,1.1347,1.1340,1.1342
EUR_USD,2018-10-30 23:00:00,1.1344,1.1347,1.1342,1.1345
EUR_USD,2018-10-30 22:00:00,1.1343,1.1345,1.1342,1.1343
EUR_USD,2018-10-30 21:00:00,1.1343,1.1345,1.1341,1.1344
EUR_USD,2018-10-30 20:00:00,1.1346,1.1347,1.1344,1.1346
EUR_USD,2018-10-30 19:00:00,1.1342,1.1348,1.1341,1.1346
EUR_USD,2018-10-30 18:00:00,1.1349,1.1350,1.1341,1.1342
EUR_USD,2018-10-30 17:00:00,1.1353,1.1358,1.1346,1.1349
EUR_USD,2018-10-30 16:00:00,1.1364,1.1368,1.1352,1.1352
EUR_USD,2018-10-30 15:00:00,1.1373,1.1374,1.1359,1.1364
EUR_USD,2018-10-30 14:00:00,1.1375,1.1381,1.1363,1.1373
EUR_USD,2018-10-30 13:00:00,1.1371,1.1382,1.1368,1.1375
EUR_USD,2018-10-30 12:00:00,1.1346,1.1372,1.1346,1.1371
EUR_USD,2018-10-30 11:00:00,1.1358,1.1359,1.1345,1.1347
EUR_USD,2018-10-30 10:00:00,1.1366,1.1366,1.1351,1.1358
EUR_USD,2018-10-30 09:00:00,1.1378,1.1379,1.1365,1.1366
EUR_USD,2018-10-30 08:00:00,1.1363,1.1380,1.1360,1.1378
EUR_USD,2018-10-30 07:00:00,1.1374,1.1388,1.1358,1.1363
EUR_USD,2018-10-30 06:00:00,1.1379,1.1381,1.1370,1.1374
EUR_USD,2018-10-30 05:00:00,1.1381,1.1381,1.1377,1.1379
EUR_USD,2018-10-30 04:00:00,1.1382,1.1383,1.1376,1.1381
EUR_USD,2018-10-30 03:00:00,1.1382,1.1385,1.1379,1.1382
EUR_USD,2018-10-30 02:00:00,1.1376,1.1385,1.1375,1.1382
EUR_USD,2018-10-30 01:00:00,1.1376,1.1380,1.1373,1.1376
EUR_USD,2018-10-30 00:00:00,1.1375,1.1379,1.1374,1.1376
EUR_USD,2018-10-29 23:00:00,1.1373,1.1377,1.1372,1.1376
EUR_USD,2018-10-29 22:00:00,1.1373,1.1375,1.1371,1.1373
EUR_USD,2018-10-29 21:00:00,1.1373,1.1374,1.1371,1.1373
EUR_USD,2018-10-29 20:00:00,1.1386,1.1389,1.1371,1.1373
EUR_USD,2018-10-29 19:00:00,1.1390,1.1394,1.1385,1.1386
EUR_USD,2018-10-29 18:00:00,1.1388,1.1396,1.1386,1.1390
EUR_USD,2018-10-29 17:00:00,1.1379,1.1391,1.1375,1.1388
EUR_USD,2018-10-29 16:00:00,1.1390,1.1399,1.1374,1.1379
EUR_USD,2018-10-29 15:00:00,1.1385,1.1400,1.1376,1.1390
EUR_USD,2018-10-29 14:00:00,1.1370,1.1385,1.1367,1.1385
EUR_USD,2018-10-29 13:00:00,1.1386,1.1387,1.1369,1.1370
EUR_USD,2018-10-29 12:00:00,1.1395,1.1398,1.1375,1.1386
EUR_USD,2018-10-29 11:00:00,1.1396,1.1416,1.1394,1.1394
EUR_USD,2018-10-29 10:00:00,1.1379,1.1417,1.1379,1.1396
EUR_USD,2018-10-29 09:00:00,1.1383,1.1393,1.1361,1.1379
EUR_USD,2018-10-29 08:00:00,1.1408,1.1411,1.1378,1.1384
EUR_USD,2018-10-29 07:00:00,1.1392,1.1413,1.1391,1.1409
EUR_USD,2018-10-29 06:00:00,1.1396,1.1402,1.1390,1.1393
EUR_USD,2018-10-29 05:00:00,1.1392,1.1396,1.1389,1.1396
EUR_USD,2018-10-29 04:00:00,1.1395,1.1396,1.1388,1.1392
EUR_USD,2018-10-29 03:00:00,1.1393,1.1397,1.1392,1.1395
EUR_USD,2018-10-29 02:00:00,1.1392,1.1395,1.1389,1.1393
EUR_USD,2018-10-29 01:00:00,1.1390,1.1392,1.1387,1.1392
EUR_USD,2018-10-29 00:00:00,1.1398,1.1401,1.1390,1.1390
EUR_USD,2018-10-28 23:00:00,1.1403,1.1404,1.1397,1.1398
EUR_USD,2018-10-28 22:00:00,1.1398,1.1404,1.1397,1.1403
EUR_USD,2018-10-28 21:00:00,1.1393,1.1402,1.1393,1.1398
EUR_USD,2018-10-26 20:00:00,1.1408,1.1421,1.1401,1.1403
EUR_USD,2018-10-26 19:00:00,1.1411,1.1416,1.1404,1.1408
EUR_USD,2018-10-26 18:00:00,1.1395,1.1412,1.1395,1.1411
EUR_USD,2018-10-26 17:00:00,1.1396,1.1401,1.1391,1.1395
EUR_USD,2018-10-26 16:00:00,1.1388,1.1413,1.1387,1.1396
EUR_USD,2018-10-26 15:00:00,1.1370,1.1395,1.1369,1.1388
EUR_USD,2018-10-26 14:00:00,1.1359,1.1388,1.1355,1.1370
EUR_USD,2018-10-26 13:00:00,1.1345,1.1360,1.1344,1.1359
EUR_USD,2018-10-26 12:00:00,1.1338,1.1354,1.1338,1.1345
EUR_USD,2018-10-26 11:00:00,1.1350,1.1350,1.1336,1.1337
EUR_USD,2018-10-26 10:00:00,1.1356,1.1363,1.1344,1.1349
EUR_USD,2018-10-26 09:00:00,1.1379,1.1380,1.1350,1.1356
EUR_USD,2018-10-26 08:00:00,1.1376,1.1381,1.1364,1.1379
EUR_USD,2018-10-26 07:00:00,1.1368,1.1384,1.1365,1.1377
EUR_USD,2018-10-26 06:00:00,1.1364,1.1375,1.1364,1.1368
EUR_USD,2018-10-26 05:00:00,1.1369,1.1369,1.1358,1.1364
EUR_USD,2018-10-26 04:00:00,1.1365,1.1369,1.1361,1.1369
EUR_USD,2018-10-26 03:00:00,1.1369,1.1371,1.1361,1.1365
EUR_USD,2018-10-26 02:00:00,1.1371,1.1375,1.1365,1.1369
EUR_USD,2018-10-26 01:00:00,1.1368,1.1374,1.1362,1.1371
EUR_USD,2018-10-26 00:00:00,1.1375,1.1375,1.1367,1.1368
EUR_USD,2018-10-25 23:00:00,1.1374,1.1377,1.1372,1.1375
EUR_USD,2018-10-25 22:00:00,1.1373,1.1377,1.1371,1.1374
EUR_USD,2018-10-25 21:00:00,1.1373,1.1377,1.1371,1.1373
EUR_USD,2018-10-25 20:00:00,1.1371,1.1376,1.1369,1.1375
EUR_USD,2018-10-25 19:00:00,1.1363,1.1372,1.1357,1.1371
EUR_USD,2018-10-25 18:00:00,1.1360,1.1364,1.1356,1.1363
EUR_USD,2018-10-25 17:00:00,1.1372,1.1373,1.1358,1.1360
EUR_USD,2018-10-25 16:00:00,1.1374,1.1376,1.1367,1.1372
EUR_USD,2018-10-25 15:00:00,1.1380,1.1382,1.1364,1.1374
EUR_USD,2018-10-25 14:00:00,1.1380,1.1386,1.1373,1.1380
EUR_USD,2018-10-25 13:00:00,1.1430,1.1433,1.1371,1.1380
EUR_USD,2018-10-25 12:00:00,1.1412,1.1433,1.1409,1.1430
EUR_USD,2018-10-25 11:00:00,1.1406,1.1415,1.1401,1.1411
EUR_USD,2018-10-25 10:00:00,1.1409,1.1417,1.1401,1.1406
EUR_USD,2018-10-25 09:00:00,1.1410,1.1418,1.1409,1.1409
EUR_USD,2018-10-25 08:00:00,1.1401,1.1414,1.1395,1.1410
EUR_USD,2018-10-25 07:00:00,1.1412,1.1416,1.1397,1.1401
EUR_USD,2018-10-25 06:00:00,1.1413,1.1420,1.1408,1.1412
EUR_USD,2018-10-25 05:00:00,1.1413,1.1417,1.1405,1.1413
EUR_USD,2018-10-25 04:00:00,1.1411,1.1413,1.1405,1.1413
EUR_USD,2018-10-25 03:00:00,1.1411,1.1412,1.1409,1.1411
EUR_USD,2018-10-25 02:00:00,1.1409,1.1414,1.1407,1.1411
EUR_USD,2018-10-25 01:00:00,1.1407,1.1411,1.1405,1.1409
EUR_USD,2018-10-25 00:00:00,1.1399,1.1410,1.1398,1.1407
EUR_USD,2018-10-24 23:00:00,1.1399,1.1400,1.1395,1.1399
EUR_USD,2018-10-24 22:00:00,1.1397,1.1400,1.1395,1.1399
EUR_USD,2018-10-24 21:00:00,1.1393,1.1400,1.1391,1.1397
EUR_USD,2018-10-24 20:00:00,1.1400,1.1401,1.1390,1.1392
EUR_USD,2018-10-24 19:00:00,1.1388,1.1403,1.1387,1.1399
EUR_USD,2018-10-24 18:00:00,1.1389,1.1395,1.1385,1.1388
EUR_USD,2018-10-24 17:00:00,1.1393,1.1394,1.1381,1.1389
EUR_USD,2018-10-24 16:00:00,1.1390,1.1396,1.1386,1.1393
EUR_USD,2018-10-24 15:00:00,1.1397,1.1404,1.1388,1.1389
EUR_USD,2018-10-24 14:00:00,1.1395,1.1410,1.1393,1.1397
EUR_USD,2018-10-24 13:00:00,1.1405,1.1409,1.1393,1.1394
EUR_USD,2018-10-24 12:00:00,1.1393,1.1409,1.1379,1.1405
EUR_USD,2018-10-24 11:00:00,1.1413,1.1414,1.1392,1.1393
EUR_USD,2018-10-24 10:00:00,1.1417,1.1418,1.1395,1.1413
EUR_USD,2018-10-24 09:00:00,1.1417,1.1426,1.1415,1.1416
EUR_USD,2018-10-24 08:00:00,1.1430,1.1430,1.1407,1.1416
EUR_USD,2018-10-24 07:00:00,1.1460,1.1477,1.1422,1.1430
EUR_USD,2018-10-24 06:00:00,1.1465,1.1467,1.1455,1.1460
EUR_USD,2018-10-24 05:00:00,1.1468,1.1470,1.1465,1.1465
EUR_USD,2018-10-24 04:00:00,1.1471,1.1474,1.1468,1.1468
EUR_USD,2018-10-24 03:00:00,1.1465,1.1475,1.1463,1.1471
EUR_USD,2018-10-24 02:00:00,1.1464,1.1467,1.1461,1.1465
EUR_USD,2018-10-24 01:00:00,1.1468,1.1470,1.1463,1.1464
EUR_USD,2018-10-24 00:00:00,1.1470,1.1475,1.1468,1.1468
EUR_USD,2018-10-23 23:00:00,1.1470,1.1475,1.1468,1.1471
EUR_USD,2018-10-23 22:00:00,1.1471,1.1473,1.1468,1.1470
EUR_USD,2018-10-23 21:00:00,1.1473,1.1474,1.1470,1.1471
EUR_USD,2018-10-23 20:00:00,1.1471,1.1473,1.1469,1.1471
EUR_USD,2018-10-23 19:00:00,1.1469,1.1479,1.1467,1.1471
EUR_USD,2018-10-23 18:00:00,1.1475,1.1486,1.1466,1.1469
EUR_USD,2018-10-23 17:00:00,1.1482,1.1490,1.1475,1.1476
EUR_USD,2018-10-23 16:00:00,1.1482,1.1486,1.1476,1.1482
EUR_USD,2018-10-23 15:00:00,1.1460,1.1487,1.1456,1.1482
EUR_USD,2018-10-23 14:00:00,1.1467,1.1468,1.1449,1.1460
EUR_USD,2018-10-23 13:00:00,1.1466,1.1476,1.1453,1.1467
EUR_USD,2018-10-23 12:00:00,1.1479,1.1483,1.1461,1.1466
EUR_USD,2018-10-23 11:00:00,1.1469,1.1481,1.1455,1.1479
EUR_USD,2018-10-23 10:00:00,1.1484,1.1486,1.1467,1.1469
EUR_USD,2018-10-23 09:00:00,1.1467,1.1484,1.1463,1.1484
EUR_USD,2018-10-23 08:00:00,1.1468,1.1474,1.1462,1.1467
EUR_USD,2018-10-23 07:00:00,1.1466,1.1475,1.1448,1.1468
EUR_USD,2018-10-23 06:00:00,1.1455,1.1469,1.1440,1.1466
EUR_USD,2018-10-23 05:00:00,1.1456,1.1461,1.1453,1.1455
EUR_USD,2018-10-23 04:00:00,1.1454,1.1456,1.1452,1.1456
EUR_USD,2018-10-23 03:00:00,1.1461,1.1461,1.1453,1.1454
EUR_USD,2018-10-23 02:00:00,1.1463,1.1467,1.1460,1.1461
EUR_USD,2018-10-23 01:00:00,1.1461,1.1466,1.1458,1.1463
EUR_USD,2018-10-23 00:00:00,1.1465,1.1465,1.1459,1.1461
EUR_USD,2018-10-22 23:00:00,1.1466,1.1467,1.1463,1.1465
EUR_USD,2018-10-22 22:00:00,1.1466,1.1468,1.1464,1.1466
EUR_USD,2018-10-22 21:00:00,1.1465,1.1468,1.1463,1.1466
EUR_USD,2018-10-22 20:00:00,1.1465,1.1468,1.1464,1.1465
EUR_USD,2018-10-22 19:00:00,1.1466,1.1471,1.1465,1.1465
EUR_USD,2018-10-22 18:00:00,1.1472,1.1473,1.1466,1.1467
EUR_USD,2018-10-22 17:00:00,1.1469,1.1477,1.1466,1.1472
EUR_USD,2018-10-22 16:00:00,1.1467,1.1472,1.1456,1.1469
EUR_USD,2018-10-22 15:00:00,1.1471,1.1473,1.1461,1.1467
EUR_USD,2018-10-22 14:00:00,1.1480,1.1481,1.1467,1.1470
EUR_USD,2018-10-22 13:00:00,1.1485,1.1488,1.1471,1.1480
EUR_USD,2018-10-22 12:00:00,1.1495,1.1501,1.1485,1.1485
EUR_USD,2018-10-22 11:00:00,1.1503,1.1507,1.1491,1.1495
EUR_USD,2018-10-22 10:00:00,1.1503,1.1512,1.1496,1.1502
EUR_USD,2018-10-22 09:00:00,1.1515,1.1516,1.1502,1.1503
EUR_USD,2018-10-22 08:00:00,1.1532,1.1534,1.1512,1.1515
EUR_USD,2018-10-22 07:00:00,1.1543,1.1551,1.1530,1.1532
EUR_USD,2018-10-22 06:00:00,1.1513,1.1546,1.1511,1.1543
EUR_USD,2018-10-22 05:00:00,1.1511,1.1517,1.1509,1.1513
EUR_USD,2018-10-22 04:00:00,1.1515,1.1519,1.1510,1.1511
EUR_USD,2018-10-22 03:00:00,1.1508,1.1518,1.1507,1.1515
EUR_USD,2018-10-22 02:00:00,1.1506,1.1513,1.1505,1.1508
EUR_USD,2018-10-22 01:00:00,1.1504,1.1507,1.1500,1.1506
EUR_USD,2018-10-22 00:00:00,1.1511,1.1514,1.1498,1.1504
EUR_USD,2018-10-21 23:00:00,1.1511,1.1514,1.1508,1.1510
