GBPUSD,2018-10-05 20:00:00,1.3116,1.3119,1.3110,1.3116
GBPUSD,2018-10-05 19:00:00,1.3111,1.3122,1.3109,1.3115
GBPUSD,2018-10-05 18:00:00,1.3107,1.3110,1.3101,1.3109
GBPUSD,2018-10-05 17:00:00,1.3096,1.3108,1.3095,1.3108
GBPUSD,2018-10-05 16:00:00,1.3101,1.3102,1.3092,1.3097
GBPUSD,2018-10-05 15:00:00,1.3071,1.3111,1.3071,1.3107
GBPUSD,2018-10-05 14:00:00,1.3089,1.3090,1.3071,1.3071
GBPUSD,2018-10-05 13:00:00,1.3085,1.3099,1.3079,1.3090
GBPUSD,2018-10-05 12:00:00,1.3053,1.3073,1.3038,1.3069
GBPUSD,2018-10-05 11:00:00,1.3039,1.3054,1.3038,1.3048
GBPUSD,2018-10-05 10:00:00,1.3037,1.3044,1.3035,1.3041
GBPUSD,2018-10-05 09:00:00,1.3034,1.3043,1.3030,1.3030
GBPUSD,2018-10-05 08:00:00,1.3043,1.3043,1.3027,1.3037
GBPUSD,2018-10-05 07:00:00,1.3050,1.3053,1.3040,1.3047
GBPUSD,2018-10-05 06:00:00,1.3008,1.3056,1.3008,1.3053
GBPUSD,2018-10-05 05:00:00,1.3011,1.3012,1.3007,1.3010
GBPUSD,2018-10-05 04:00:00,1.3012,1.3013,1.3006,1.3012
GBPUSD,2018-10-05 03:00:00,1.3018,1.3021,1.3013,1.3013
GBPUSD,2018-10-05 02:00:00,1.3021,1.3024,1.3021,1.3021
GBPUSD,2018-10-05 01:00:00,1.3028,1.3031,1.3023,1.3023
GBPUSD,2018-10-05 00:00:00,1.3024,1.3026,1.3021,1.3023
GBPUSD,2018-10-04 23:00:00,1.3025,1.3026,1.3022,1.3025
GBPUSD,2018-10-04 22:00:00,1.3024,1.3025,1.3020,1.3025
GBPUSD,2018-10-04 21:00:00,1.3024,1.3031,1.3021,1.3024
GBPUSD,2018-10-04 20:00:00,1.3024,1.3024,1.3019,1.3022
GBPUSD,2018-10-04 19:00:00,1.3026,1.3029,1.3023,1.3026
GBPUSD,2018-10-04 18:00:00,1.3019,1.3027,1.3017,1.3027
GBPUSD,2018-10-04 17:00:00,1.3011,1.3019,1.3005,1.3015
GBPUSD,2018-10-04 16:00:00,1.3013,1.3017,1.3010,1.3011
GBPUSD,2018-10-04 15:00:00,1.3029,1.3034,1.3016,1.3017
GBPUSD,2018-10-04 14:00:00,1.3015,1.3043,1.3015,1.3027
GBPUSD,2018-10-04 13:00:00,1.3002,1.3019,1.3001,1.3018
GBPUSD,2018-10-04 12:00:00,1.2993,1.3017,1.2984,1.3009
GBPUSD,2018-10-04 11:00:00,1.2983,1.2999,1.2977,1.2998
GBPUSD,2018-10-04 10:00:00,1.2983,1.2994,1.2980,1.2980
GBPUSD,2018-10-04 09:00:00,1.2962,1.2990,1.2962,1.2982
GBPUSD,2018-10-04 08:00:00,1.2969,1.2978,1.2966,1.2969
GBPUSD,2018-10-04 07:00:00,1.2945,1.2971,1.2944,1.2967
GBPUSD,2018-10-04 06:00:00,1.2938,1.2953,1.2932,1.2948
GBPUSD,2018-10-04 05:00:00,1.2932,1.2945,1.2930,1.2944
GBPUSD,2018-10-04 04:00:00,1.2933,1.2937,1.2928,1.2928
GBPUSD,2018-10-04 03:00:00,1.2933,1.2937,1.2931,1.2933
GBPUSD,2018-10-04 02:00:00,1.2933,1.2936,1.2927,1.2931
GBPUSD,2018-10-04 01:00:00,1.2937,1.2937,1.2925,1.2935
GBPUSD,2018-10-04 00:00:00,1.2941,1.2943,1.2932,1.2933
GBPUSD,2018-10-03 23:00:00,1.2948,1.2949,1.2942,1.2944
GBPUSD,2018-10-03 22:00:00,1.2954,1.2955,1.2948,1.2950
GBPUSD,2018-10-03 21:00:00,1.2944,1.2955,1.2944,1.2954
GBPUSD,2018-10-03 20:00:00,1.2976,1.2977,1.2933,1.2937
GBPUSD,2018-10-03 19:00:00,1.2977,1.2977,1.2973,1.2975
GBPUSD,2018-10-03 18:00:00,1.2984,1.2984,1.2975,1.2978
GBPUSD,2018-10-03 17:00:00,1.2990,1.2993,1.2983,1.2989
GBPUSD,2018-10-03 16:00:00,1.2993,1.2996,1.2985,1.2994
GBPUSD,2018-10-03 15:00:00,1.3006,1.3012,1.2992,1.2992
GBPUSD,2018-10-03 14:00:00,1.3008,1.3021,1.2999,1.3008
GBPUSD,2018-10-03 13:00:00,1.2992,1.3005,1.2989,1.3005
GBPUSD,2018-10-03 12:00:00,1.2983,1.2997,1.2983,1.2993
GBPUSD,2018-10-03 11:00:00,1.2981,1.2983,1.2965,1.2976
GBPUSD,2018-10-03 10:00:00,1.3008,1.3008,1.2988,1.2991
GBPUSD,2018-10-03 09:00:00,1.3018,1.3018,1.3000,1.3005
GBPUSD,2018-10-03 08:00:00,1.2999,1.3017,1.2994,1.3017
GBPUSD,2018-10-03 07:00:00,1.3002,1.3009,1.2998,1.3002
GBPUSD,2018-10-03 06:00:00,1.3004,1.3011,1.3001,1.3007
GBPUSD,2018-10-03 05:00:00,1.2998,1.3007,1.2997,1.3005
GBPUSD,2018-10-03 04:00:00,1.2996,1.2998,1.2992,1.2998
GBPUSD,2018-10-03 03:00:00,1.2997,1.3000,1.2996,1.2997
GBPUSD,2018-10-03 02:00:00,1.2990,1.3000,1.2988,1.2996
GBPUSD,2018-10-03 01:00:00,1.2977,1.2980,1.2974,1.2978
GBPUSD,2018-10-03 00:00:00,1.2981,1.2985,1.2974,1.2975
GBPUSD,2018-10-02 23:00:00,1.2983,1.2984,1.2980,1.2981
GBPUSD,2018-10-02 22:00:00,1.2982,1.2983,1.2980,1.2983
GBPUSD,2018-10-02 21:00:00,1.2981,1.2987,1.2977,1.2982
GBPUSD,2018-10-02 20:00:00,1.2985,1.2985,1.2978,1.2980
GBPUSD,2018-10-02 19:00:00,1.2980,1.2985,1.2978,1.2984
GBPUSD,2018-10-02 18:00:00,1.2976,1.2982,1.2975,1.2980
GBPUSD,2018-10-02 17:00:00,1.2982,1.2983,1.2977,1.2978
GBPUSD,2018-10-02 16:00:00,1.2984,1.2992,1.2984,1.2986
GBPUSD,2018-10-02 15:00:00,1.2983,1.2985,1.2976,1.2982
GBPUSD,2018-10-02 14:00:00,1.2968,1.2983,1.2961,1.2983
GBPUSD,2018-10-02 13:00:00,1.2974,1.2975,1.2962,1.2967
GBPUSD,2018-10-02 12:00:00,1.2959,1.2985,1.2959,1.2977
GBPUSD,2018-10-02 11:00:00,1.2945,1.2969,1.2945,1.2963
GBPUSD,2018-10-02 10:00:00,1.2957,1.2963,1.2946,1.2950
GBPUSD,2018-10-02 09:00:00,1.2970,1.2970,1.2958,1.2963
GBPUSD,2018-10-02 08:00:00,1.3004,1.3005,1.2969,1.2970
GBPUSD,2018-10-02 07:00:00,1.3011,1.3011,1.2992,1.3004
GBPUSD,2018-10-02 06:00:00,1.3019,1.3020,1.3006,1.3013
GBPUSD,2018-10-02 05:00:00,1.3035,1.3036,1.3018,1.3020
GBPUSD,2018-10-02 04:00:00,1.3039,1.3039,1.3035,1.3035
GBPUSD,2018-10-02 03:00:00,1.3040,1.3040,1.3038,1.3039
GBPUSD,2018-10-02 02:00:00,1.3042,1.3043,1.3036,1.3040
GBPUSD,2018-10-02 01:00:00,1.3041,1.3049,1.3041,1.3042
GBPUSD,2018-10-02 00:00:00,1.3045,1.3045,1.3040,1.3040
GBPUSD,2018-10-01 23:00:00,1.3044,1.3046,1.3042,1.3045
GBPUSD,2018-10-01 22:00:00,1.3040,1.3047,1.3038,1.3044
GBPUSD,2018-10-01 21:00:00,1.3043,1.3053,1.3039,1.3041
GBPUSD,2018-10-01 20:00:00,1.3041,1.3042,1.3039,1.3040
GBPUSD,2018-10-01 19:00:00,1.3038,1.3046,1.3038,1.3040
GBPUSD,2018-10-01 18:00:00,1.3043,1.3044,1.3039,1.3039
GBPUSD,2018-10-01 17:00:00,1.3036,1.3043,1.3034,1.3042
GBPUSD,2018-10-01 16:00:00,1.3031,1.3041,1.3031,1.3040
GBPUSD,2018-10-01 15:00:00,1.3047,1.3055,1.3029,1.3035
GBPUSD,2018-10-01 14:00:00,1.3073,1.3079,1.3053,1.3054
GBPUSD,2018-10-01 13:00:00,1.3079,1.3082,1.3056,1.3077
GBPUSD,2018-10-01 12:00:00,1.3025,1.3099,1.3018,1.3082
GBPUSD,2018-10-01 11:00:00,1.3040,1.3050,1.3024,1.3025
GBPUSD,2018-10-01 10:00:00,1.3048,1.3050,1.3040,1.3042
GBPUSD,2018-10-01 09:00:00,1.3060,1.3060,1.3047,1.3047
GBPUSD,2018-10-01 08:00:00,1.3055,1.3060,1.3044,1.3053
GBPUSD,2018-10-01 07:00:00,1.3032,1.3052,1.3030,1.3052
GBPUSD,2018-10-01 06:00:00,1.3030,1.3037,1.3028,1.3030
GBPUSD,2018-10-01 05:00:00,1.3026,1.3031,1.3025,1.3030
GBPUSD,2018-10-01 04:00:00,1.3032,1.3033,1.3026,1.3028
GBPUSD,2018-10-01 03:00:00,1.3033,1.3033,1.3031,1.3031
GBPUSD,2018-10-01 02:00:00,1.3034,1.3039,1.3034,1.3035
GBPUSD,2018-10-01 01:00:00,1.3041,1.3041,1.3032,1.3034
GBPUSD,2018-10-01 00:00:00,1.3040,1.3044,1.3038,1.3041
GBPUSD,2018-09-30 23:00:00,1.3034,1.3041,1.3033,1.3040
GBPUSD,2018-09-30 22:00:00,1.3039,1.3039,1.3032,1.3033
GBPUSD,2018-09-30 21:00:00,1.3048,1.3049,1.3038,1.3038
GBPUSD,2018-09-28 20:00:00,1.3035,1.3037,1.3030,1.3030
GBPUSD,2018-09-28 19:00:00,1.3042,1.3044,1.3032,1.3033
GBPUSD,2018-09-28 18:00:00,1.3045,1.3045,1.3036,1.3045
GBPUSD,2018-09-28 17:00:00,1.3043,1.3045,1.3040,1.3042
GBPUSD,2018-09-28 16:00:00,1.3053,1.3061,1.3045,1.3046
GBPUSD,2018-09-28 15:00:00,1.3041,1.3060,1.3038,1.3059
GBPUSD,2018-09-28 14:00:00,1.3012,1.3030,1.3004,1.3028
GBPUSD,2018-09-28 13:00:00,1.3039,1.3042,1.3009,1.3011
GBPUSD,2018-09-28 12:00:00,1.3044,1.3049,1.3031,1.3035
GBPUSD,2018-09-28 11:00:00,1.3043,1.3052,1.3038,1.3044
GBPUSD,2018-09-28 10:00:00,1.3053,1.3055,1.3042,1.3042
GBPUSD,2018-09-28 09:00:00,1.3073,1.3074,1.3052,1.3052
GBPUSD,2018-09-28 08:00:00,1.3062,1.3079,1.3036,1.3071
GBPUSD,2018-09-28 07:00:00,1.3070,1.3075,1.3060,1.3061
GBPUSD,2018-09-28 06:00:00,1.3089,1.3091,1.3072,1.3072
GBPUSD,2018-09-28 05:00:00,1.3086,1.3089,1.3081,1.3088
GBPUSD,2018-09-28 04:00:00,1.3079,1.3085,1.3077,1.3079
GBPUSD,2018-09-28 03:00:00,1.3083,1.3083,1.3079,1.3079
GBPUSD,2018-09-28 02:00:00,1.3082,1.3083,1.3079,1.3083
GBPUSD,2018-09-28 01:00:00,1.3080,1.3081,1.3078,1.3081
GBPUSD,2018-09-28 00:00:00,1.3078,1.3079,1.3077,1.3079
GBPUSD,2018-09-27 23:00:00,1.3077,1.3077,1.3075,1.3076
GBPUSD,2018-09-27 22:00:00,1.3081,1.3081,1.3076,1.3079
GBPUSD,2018-09-27 21:00:00,1.3081,1.3083,1.3077,1.3077
GBPUSD,2018-09-27 20:00:00,1.3083,1.3084,1.3078,1.3078
GBPUSD,2018-09-27 19:00:00,1.3090,1.3090,1.3079,1.3080
GBPUSD,2018-09-27 18:00:00,1.3101,1.3101,1.3086,1.3092
GBPUSD,2018-09-27 17:00:00,1.3102,1.3102,1.3095,1.3097
GBPUSD,2018-09-27 16:00:00,1.3104,1.3111,1.3102,1.3108
GBPUSD,2018-09-27 15:00:00,1.3117,1.3120,1.3097,1.3105
GBPUSD,2018-09-27 14:00:00,1.3131,1.3140,1.3121,1.3130
GBPUSD,2018-09-27 13:00:00,1.3127,1.3131,1.3119,1.3128
GBPUSD,2018-09-27 12:00:00,1.3142,1.3162,1.3128,1.3129
GBPUSD,2018-09-27 11:00:00,1.3142,1.3146,1.3128,1.3146
GBPUSD,2018-09-27 10:00:00,1.3129,1.3147,1.3129,1.3143
GBPUSD,2018-09-27 09:00:00,1.3126,1.3131,1.3117,1.3126
GBPUSD,2018-09-27 08:00:00,1.3112,1.3124,1.3111,1.3123
GBPUSD,2018-09-27 07:00:00,1.3137,1.3144,1.3112,1.3116
GBPUSD,2018-09-27 06:00:00,1.3133,1.3139,1.3129,1.3134
GBPUSD,2018-09-27 05:00:00,1.3154,1.3156,1.3126,1.3127
GBPUSD,2018-09-27 04:00:00,1.3156,1.3157,1.3147,1.3153
GBPUSD,2018-09-27 03:00:00,1.3149,1.3156,1.3148,1.3155
GBPUSD,2018-09-27 02:00:00,1.3154,1.3155,1.3143,1.3149
GBPUSD,2018-09-27 01:00:00,1.3177,1.3179,1.3158,1.3158
GBPUSD,2018-09-27 00:00:00,1.3172,1.3179,1.3171,1.3177
GBPUSD,2018-09-26 23:00:00,1.3174,1.3176,1.3172,1.3173
GBPUSD,2018-09-26 22:00:00,1.3169,1.3174,1.3168,1.3174
GBPUSD,2018-09-26 21:00:00,1.3169,1.3180,1.3165,1.3170
GBPUSD,2018-09-26 20:00:00,1.3167,1.3172,1.3165,1.3170
GBPUSD,2018-09-26 19:00:00,1.3184,1.3189,1.3169,1.3170
GBPUSD,2018-09-26 18:00:00,1.3192,1.3213,1.3163,1.3173
GBPUSD,2018-09-26 17:00:00,1.3179,1.3193,1.3179,1.3188
GBPUSD,2018-09-26 16:00:00,1.3182,1.3183,1.3173,1.3182
GBPUSD,2018-09-26 15:00:00,1.3186,1.3186,1.3170,1.3178
GBPUSD,2018-09-26 14:00:00,1.3159,1.3194,1.3158,1.3194
GBPUSD,2018-09-26 13:00:00,1.3166,1.3170,1.3154,1.3154
GBPUSD,2018-09-26 12:00:00,1.3160,1.3177,1.3158,1.3169
GBPUSD,2018-09-26 11:00:00,1.3149,1.3167,1.3143,1.3163
GBPUSD,2018-09-26 10:00:00,1.3165,1.3165,1.3148,1.3153
GBPUSD,2018-09-26 09:00:00,1.3173,1.3175,1.3160,1.3163
GBPUSD,2018-09-26 08:00:00,1.3155,1.3170,1.3155,1.3169
GBPUSD,2018-09-26 07:00:00,1.3176,1.3179,1.3156,1.3157
GBPUSD,2018-09-26 06:00:00,1.3169,1.3180,1.3164,1.3178
GBPUSD,2018-09-26 05:00:00,1.3172,1.3176,1.3170,1.3170
GBPUSD,2018-09-26 04:00:00,1.3183,1.3183,1.3175,1.3175
GBPUSD,2018-09-26 03:00:00,1.3180,1.3183,1.3180,1.3182
GBPUSD,2018-09-26 02:00:00,1.3177,1.3180,1.3177,1.3179
GBPUSD,2018-09-26 01:00:00,1.3173,1.3179,1.3173,1.3175
GBPUSD,2018-09-26 00:00:00,1.3181,1.3182,1.3176,1.3177
GBPUSD,2018-09-25 23:00:00,1.3180,1.3183,1.3179,1.3181
GBPUSD,2018-09-25 22:00:00,1.3182,1.3184,1.3179,1.3180
GBPUSD,2018-09-25 21:00:00,1.3188,1.3191,1.3180,1.3182
GBPUSD,2018-09-25 20:00:00,1.3182,1.3184,1.3180,1.3183
GBPUSD,2018-09-25 19:00:00,1.3188,1.3190,1.3185,1.3187
GBPUSD,2018-09-25 18:00:00,1.3166,1.3192,1.3166,1.3190
GBPUSD,2018-09-25 17:00:00,1.3171,1.3173,1.3164,1.3164
GBPUSD,2018-09-25 16:00:00,1.3162,1.3171,1.3161,1.3170
GBPUSD,2018-09-25 15:00:00,1.3164,1.3167,1.3151,1.3158
GBPUSD,2018-09-25 14:00:00,1.3152,1.3175,1.3149,1.3162
GBPUSD,2018-09-25 13:00:00,1.3157,1.3160,1.3146,1.3159
GBPUSD,2018-09-25 12:00:00,1.3165,1.3171,1.3151,1.3152
GBPUSD,2018-09-25 11:00:00,1.3154,1.3170,1.3146,1.3170
GBPUSD,2018-09-25 10:00:00,1.3159,1.3159,1.3145,1.3156
GBPUSD,2018-09-25 09:00:00,1.3145,1.3159,1.3144,1.3159
GBPUSD,2018-09-25 08:00:00,1.3144,1.3148,1.3128,1.3145
GBPUSD,2018-09-25 07:00:00,1.3110,1.3134,1.3098,1.3134
GBPUSD,2018-09-25 06:00:00,1.3109,1.3124,1.3105,1.3113
GBPUSD,2018-09-25 05:00:00,1.3104,1.3111,1.3103,1.3108
GBPUSD,2018-09-25 04:00:00,1.3106,1.3106,1.3103,1.3105
GBPUSD,2018-09-25 03:00:00,1.3109,1.3109,1.3104,1.3105
GBPUSD,2018-09-25 02:00:00,1.3110,1.3111,1.3107,1.3108
GBPUSD,2018-09-25 01:00:00,1.3115,1.3119,1.3111,1.3111
GBPUSD,2018-09-25 00:00:00,1.3117,1.3119,1.3116,1.3117
GBPUSD,2018-09-24 23:00:00,1.3116,1.3118,1.3115,1.3118
GBPUSD,2018-09-24 22:00:00,1.3121,1.3121,1.3114,1.3116
GBPUSD,2018-09-24 21:00:00,1.3121,1.3125,1.3120,1.3120
GBPUSD,2018-09-24 20:00:00,1.3114,1.3119,1.3114,1.3119
GBPUSD,2018-09-24 19:00:00,1.3120,1.3121,1.3114,1.3114
GBPUSD,2018-09-24 18:00:00,1.3122,1.3126,1.3120,1.3121
GBPUSD,2018-09-24 17:00:00,1.3125,1.3125,1.3112,1.3120
GBPUSD,2018-09-24 16:00:00,1.3129,1.3130,1.3124,1.3125
GBPUSD,2018-09-24 15:00:00,1.3140,1.3142,1.3125,1.3128
GBPUSD,2018-09-24 14:00:00,1.3147,1.3147,1.3128,1.3138
GBPUSD,2018-09-24 13:00:00,1.3140,1.3168,1.3140,1.3150
GBPUSD,2018-09-24 12:00:00,1.3152,1.3162,1.3146,1.3146
GBPUSD,2018-09-24 11:00:00,1.3131,1.3148,1.3131,1.3148
GBPUSD,2018-09-24 10:00:00,1.3124,1.3135,1.3123,1.3126
GBPUSD,2018-09-24 09:00:00,1.3120,1.3128,1.3110,1.3128
GBPUSD,2018-09-24 08:00:00,1.3100,1.3122,1.3100,1.3114
GBPUSD,2018-09-24 07:00:00,1.3085,1.3112,1.3083,1.3102
GBPUSD,2018-09-24 06:00:00,1.3073,1.3078,1.3064,1.3076
GBPUSD,2018-09-24 05:00:00,1.3081,1.3083,1.3074,1.3074
GBPUSD,2018-09-24 04:00:00,1.3077,1.3081,1.3076,1.3081
GBPUSD,2018-09-24 03:00:00,1.3079,1.3079,1.3077,1.3078
GBPUSD,2018-09-24 02:00:00,1.3080,1.3082,1.3077,1.3080
GBPUSD,2018-09-24 01:00:00,1.3088,1.3088,1.3079,1.3079
GBPUSD,2018-09-24 00:00:00,1.3081,1.3089,1.3080,1.3088
GBPUSD,2018-09-23 23:00:00,1.3079,1.3081,1.3073,1.3081
GBPUSD,2018-09-23 22:00:00,1.3083,1.3085,1.3079,1.3079
GBPUSD,2018-09-23 21:00:00,1.3088,1.3088,1.3079,1.3083
GBPUSD,2018-09-21 20:00:00,1.3081,1.3087,1.3072,1.3083
GBPUSD,2018-09-21 19:00:00,1.3079,1.3083,1.3078,1.3083
GBPUSD,2018-09-21 18:00:00,1.3080,1.3084,1.3074,1.3076
GBPUSD,2018-09-21 17:00:00,1.3084,1.3086,1.3076,1.3077
GBPUSD,2018-09-21 16:00:00,1.3068,1.3083,1.3067,1.3081
GBPUSD,2018-09-21 15:00:00,1.3098,1.3099,1.3067,1.3067
GBPUSD,2018-09-21 14:00:00,1.3071,1.3095,1.3062,1.3095
GBPUSD,2018-09-21 13:00:00,1.3148,1.3148,1.3067,1.3074
GBPUSD,2018-09-21 12:00:00,1.3174,1.3178,1.3147,1.3148
GBPUSD,2018-09-21 11:00:00,1.3190,1.3198,1.3186,1.3186
GBPUSD,2018-09-21 10:00:00,1.3189,1.3194,1.3182,1.3190
GBPUSD,2018-09-21 09:00:00,1.3219,1.3221,1.3190,1.3191
GBPUSD,2018-09-21 08:00:00,1.3213,1.3230,1.3213,1.3215
GBPUSD,2018-09-21 07:00:00,1.3249,1.3253,1.3213,1.3216
GBPUSD,2018-09-21 06:00:00,1.3267,1.3270,1.3241,1.3247
GBPUSD,2018-09-21 05:00:00,1.3272,1.3276,1.3263,1.3263
GBPUSD,2018-09-21 04:00:00,1.3275,1.3278,1.3269,1.3273
GBPUSD,2018-09-21 03:00:00,1.3273,1.3276,1.3271,1.3274
GBPUSD,2018-09-21 02:00:00,1.3267,1.3273,1.3267,1.3273
GBPUSD,2018-09-21 01:00:00,1.3276,1.3276,1.3267,1.3268
GBPUSD,2018-09-21 00:00:00,1.3271,1.3275,1.3271,1.3274
GBPUSD,2018-09-20 23:00:00,1.3273,1.3275,1.3272,1.3272
GBPUSD,2018-09-20 22:00:00,1.3274,1.3275,1.3272,1.3273
GBPUSD,2018-09-20 21:00:00,1.3274,1.3276,1.3267,1.3274
GBPUSD,2018-09-20 20:00:00,1.3271,1.3275,1.3269,1.3270
GBPUSD,2018-09-20 19:00:00,1.3271,1.3278,1.3267,1.3272
GBPUSD,2018-09-20 18:00:00,1.3256,1.3267,1.3252,1.3267
GBPUSD,2018-09-20 17:00:00,1.3246,1.3257,1.3246,1.3256
GBPUSD,2018-09-20 16:00:00,1.3237,1.3245,1.3233,1.3244
GBPUSD,2018-09-20 15:00:00,1.3254,1.3257,1.3236,1.3237
GBPUSD,2018-09-20 14:00:00,1.3276,1.3283,1.3250,1.3250
GBPUSD,2018-09-20 13:00:00,1.3289,1.3290,1.3267,1.3267
GBPUSD,2018-09-20 12:00:00,1.3280,1.3297,1.3278,1.3279
GBPUSD,2018-09-20 11:00:00,1.3236,1.3268,1.3232,1.3264
GBPUSD,2018-09-20 10:00:00,1.3207,1.3231,1.3203,1.3230
GBPUSD,2018-09-20 09:00:00,1.3192,1.3217,1.3192,1.3213
GBPUSD,2018-09-20 08:00:00,1.3178,1.3208,1.3177,1.3190
GBPUSD,2018-09-20 07:00:00,1.3154,1.3184,1.3153,1.3183
GBPUSD,2018-09-20 06:00:00,1.3149,1.3160,1.3145,1.3157
GBPUSD,2018-09-20 05:00:00,1.3151,1.3153,1.3149,1.3152
GBPUSD,2018-09-20 04:00:00,1.3149,1.3153,1.3149,1.3151
GBPUSD,2018-09-20 03:00:00,1.3150,1.3155,1.3149,1.3153
GBPUSD,2018-09-20 02:00:00,1.3149,1.3150,1.3146,1.3150
GBPUSD,2018-09-20 01:00:00,1.3145,1.3148,1.3144,1.3148
GBPUSD,2018-09-20 00:00:00,1.3142,1.3146,1.3141,1.3142
GBPUSD,2018-09-19 23:00:00,1.3141,1.3145,1.3139,1.3142
GBPUSD,2018-09-19 22:00:00,1.3145,1.3146,1.3138,1.3142
GBPUSD,2018-09-19 21:00:00,1.3147,1.3153,1.3142,1.3145
GBPUSD,2018-09-19 20:00:00,1.3144,1.3150,1.3143,1.3146
GBPUSD,2018-09-19 19:00:00,1.3146,1.3148,1.3144,1.3148
GBPUSD,2018-09-19 18:00:00,1.3144,1.3147,1.3142,1.3147
GBPUSD,2018-09-19 17:00:00,1.3163,1.3164,1.3128,1.3144
GBPUSD,2018-09-19 16:00:00,1.3163,1.3169,1.3160,1.3164
GBPUSD,2018-09-19 15:00:00,1.3153,1.3164,1.3150,1.3156
GBPUSD,2018-09-19 14:00:00,1.3134,1.3155,1.3122,1.3153
GBPUSD,2018-09-19 13:00:00,1.3140,1.3147,1.3130,1.3130
GBPUSD,2018-09-19 12:00:00,1.3144,1.3144,1.3131,1.3138
GBPUSD,2018-09-19 11:00:00,1.3183,1.3187,1.3123,1.3150
GBPUSD,2018-09-19 10:00:00,1.3182,1.3194,1.3180,1.3194
GBPUSD,2018-09-19 09:00:00,1.3198,1.3198,1.3177,1.3181
GBPUSD,2018-09-19 08:00:00,1.3161,1.3213,1.3157,1.3198
GBPUSD,2018-09-19 07:00:00,1.3151,1.3174,1.3148,1.3163
GBPUSD,2018-09-19 06:00:00,1.3155,1.3164,1.3147,1.3148
GBPUSD,2018-09-19 05:00:00,1.3151,1.3158,1.3151,1.3154
GBPUSD,2018-09-19 04:00:00,1.3152,1.3156,1.3149,1.3151
GBPUSD,2018-09-19 03:00:00,1.3146,1.3157,1.3146,1.3152
GBPUSD,2018-09-19 02:00:00,1.3146,1.3149,1.3145,1.3146
GBPUSD,2018-09-19 01:00:00,1.3150,1.3153,1.3146,1.3147
GBPUSD,2018-09-19 00:00:00,1.3168,1.3168,1.3153,1.3154
GBPUSD,2018-09-18 23:00:00,1.3166,1.3173,1.3165,1.3168
GBPUSD,2018-09-18 22:00:00,1.3151,1.3176,1.3150,1.3168
GBPUSD,2018-09-18 21:00:00,1.3148,1.3152,1.3147,1.3151
GBPUSD,2018-09-18 20:00:00,1.3145,1.3151,1.3145,1.3150
GBPUSD,2018-09-18 19:00:00,1.3139,1.3142,1.3136,1.3142
GBPUSD,2018-09-18 18:00:00,1.3141,1.3143,1.3136,1.3141
GBPUSD,2018-09-18 17:00:00,1.3135,1.3141,1.3133,1.3139
GBPUSD,2018-09-18 16:00:00,1.3159,1.3167,1.3137,1.3138
GBPUSD,2018-09-18 15:00:00,1.3156,1.3157,1.3144,1.3156
GBPUSD,2018-09-18 14:00:00,1.3169,1.3169,1.3145,1.3146
GBPUSD,2018-09-18 13:00:00,1.3154,1.3171,1.3153,1.3163
GBPUSD,2018-09-18 12:00:00,1.3149,1.3151,1.3135,1.3149
GBPUSD,2018-09-18 11:00:00,1.3141,1.3149,1.3132,1.3149
GBPUSD,2018-09-18 10:00:00,1.3129,1.3144,1.3124,1.3143
GBPUSD,2018-09-18 09:00:00,1.3140,1.3141,1.3124,1.3132
GBPUSD,2018-09-18 08:00:00,1.3137,1.3148,1.3137,1.3141
GBPUSD,2018-09-18 07:00:00,1.3150,1.3153,1.3133,1.3141
GBPUSD,2018-09-18 06:00:00,1.3164,1.3169,1.3151,1.3151
GBPUSD,2018-09-18 05:00:00,1.3156,1.3163,1.3150,1.3163
GBPUSD,2018-09-18 04:00:00,1.3161,1.3163,1.3156,1.3156
GBPUSD,2018-09-18 03:00:00,1.3150,1.3161,1.3150,1.3161
GBPUSD,2018-09-18 02:00:00,1.3150,1.3151,1.3146,1.3148
GBPUSD,2018-09-18 01:00:00,1.3145,1.3151,1.3143,1.3149
GBPUSD,2018-09-18 00:00:00,1.3147,1.3151,1.3143,1.3143
GBPUSD,2018-09-17 23:00:00,1.3151,1.3155,1.3145,1.3147
GBPUSD,2018-09-17 22:00:00,1.3159,1.3164,1.3155,1.3155
GBPUSD,2018-09-17 21:00:00,1.3162,1.3166,1.3159,1.3162
GBPUSD,2018-09-17 20:00:00,1.3163,1.3163,1.3160,1.3161
GBPUSD,2018-09-17 19:00:00,1.3165,1.3165,1.3161,1.3163
GBPUSD,2018-09-17 18:00:00,1.3165,1.3165,1.3161,1.3163
GBPUSD,2018-09-17 17:00:00,1.3160,1.3166,1.3158,1.3161
GBPUSD,2018-09-17 16:00:00,1.3144,1.3156,1.3144,1.3153
GBPUSD,2018-09-17 15:00:00,1.3152,1.3152,1.3138,1.3144
GBPUSD,2018-09-17 14:00:00,1.3157,1.3157,1.3144,1.3148
GBPUSD,2018-09-17 13:00:00,1.3146,1.3153,1.3138,1.3152
GBPUSD,2018-09-17 12:00:00,1.3123,1.3139,1.3118,1.3137
GBPUSD,2018-09-17 11:00:00,1.3109,1.3118,1.3106,1.3111
GBPUSD,2018-09-17 10:00:00,1.3100,1.3104,1.3091,1.3104
GBPUSD,2018-09-17 09:00:00,1.3105,1.3105,1.3095,1.3097
GBPUSD,2018-09-17 08:00:00,1.3087,1.3101,1.3085,1.3095
GBPUSD,2018-09-17 07:00:00,1.3081,1.3086,1.3078,1.3083
GBPUSD,2018-09-17 06:00:00,1.3090,1.3091,1.3079,1.3080
GBPUSD,2018-09-17 05:00:00,1.3084,1.3086,1.3080,1.3086
GBPUSD,2018-09-17 04:00:00,1.3083,1.3084,1.3080,1.3081
GBPUSD,2018-09-17 03:00:00,1.3084,1.3084,1.3080,1.3081
GBPUSD,2018-09-17 02:00:00,1.3077,1.3083,1.3075,1.3082
GBPUSD,2018-09-17 01:00:00,1.3079,1.3079,1.3073,1.3077
GBPUSD,2018-09-17 00:00:00,1.3072,1.3078,1.3072,1.3078
GBPUSD,2018-09-16 23:00:00,1.3077,1.3077,1.3071,1.3072
GBPUSD,2018-09-16 22:00:00,1.3076,1.3077,1.3071,1.3076
GBPUSD,2018-09-16 21:00:00,1.3077,1.3079,1.3074,1.3077
GBPUSD,2018-09-14 20:00:00,1.3062,1.3077,1.3061,1.3071
GBPUSD,2018-09-14 19:00:00,1.3067,1.3068,1.3064,1.3065
GBPUSD,2018-09-14 18:00:00,1.3075,1.3075,1.3065,1.3067
GBPUSD,2018-09-14 17:00:00,1.3075,1.3078,1.3070,1.3073
GBPUSD,2018-09-14 16:00:00,1.3084,1.3084,1.3071,1.3076
GBPUSD,2018-09-14 15:00:00,1.3077,1.3092,1.3074,1.3084
GBPUSD,2018-09-14 14:00:00,1.3091,1.3099,1.3076,1.3083
GBPUSD,2018-09-14 13:00:00,1.3089,1.3103,1.3089,1.3090
GBPUSD,2018-09-14 12:00:00,1.3088,1.3119,1.3087,1.3089
GBPUSD,2018-09-14 11:00:00,1.3124,1.3127,1.3096,1.3097
GBPUSD,2018-09-14 10:00:00,1.3124,1.3131,1.3122,1.3122
GBPUSD,2018-09-14 09:00:00,1.3133,1.3135,1.3121,1.3125
GBPUSD,2018-09-14 08:00:00,1.3136,1.3136,1.3125,1.3131
GBPUSD,2018-09-14 07:00:00,1.3117,1.3132,1.3108,1.3131
GBPUSD,2018-09-14 06:00:00,1.3112,1.3120,1.3111,1.3116
GBPUSD,2018-09-14 05:00:00,1.3121,1.3123,1.3113,1.3113
GBPUSD,2018-09-14 04:00:00,1.3119,1.3119,1.3113,1.3119
GBPUSD,2018-09-14 03:00:00,1.3114,1.3123,1.3114,1.3119
GBPUSD,2018-09-14 02:00:00,1.3112,1.3115,1.3110,1.3114
GBPUSD,2018-09-14 01:00:00,1.3115,1.3116,1.3109,1.3111
GBPUSD,2018-09-14 00:00:00,1.3112,1.3119,1.3111,1.3117
GBPUSD,2018-09-13 23:00:00,1.3111,1.3115,1.3110,1.3112
GBPUSD,2018-09-13 22:00:00,1.3109,1.3115,1.3108,1.3114
GBPUSD,2018-09-13 21:00:00,1.3107,1.3111,1.3106,1.3109
GBPUSD,2018-09-13 20:00:00,1.3109,1.3112,1.3106,1.3106
GBPUSD,2018-09-13 19:00:00,1.3113,1.3113,1.3105,1.3111
GBPUSD,2018-09-13 18:00:00,1.3108,1.3114,1.3108,1.3111
GBPUSD,2018-09-13 17:00:00,1.3110,1.3116,1.3107,1.3107
GBPUSD,2018-09-13 16:00:00,1.3104,1.3111,1.3101,1.3108
GBPUSD,2018-09-13 15:00:00,1.3096,1.3109,1.3093,1.3105
GBPUSD,2018-09-13 14:00:00,1.3112,1.3121,1.3091,1.3092
GBPUSD,2018-09-13 13:00:00,1.3091,1.3122,1.3086,1.3121
GBPUSD,2018-09-13 12:00:00,1.3048,1.3094,1.3045,1.3090
GBPUSD,2018-09-13 11:00:00,1.3068,1.3069,1.3037,1.3052
GBPUSD,2018-09-13 10:00:00,1.3055,1.3061,1.3052,1.3056
GBPUSD,2018-09-13 09:00:00,1.3044,1.3057,1.3041,1.3052
GBPUSD,2018-09-13 08:00:00,1.3039,1.3049,1.3039,1.3049
GBPUSD,2018-09-13 07:00:00,1.3038,1.3048,1.3035,1.3048
GBPUSD,2018-09-13 06:00:00,1.3032,1.3041,1.3029,1.3039
GBPUSD,2018-09-13 05:00:00,1.3044,1.3046,1.3031,1.3032
GBPUSD,2018-09-13 04:00:00,1.3053,1.3054,1.3047,1.3048
GBPUSD,2018-09-13 03:00:00,1.3045,1.3053,1.3044,1.3053
GBPUSD,2018-09-13 02:00:00,1.3045,1.3046,1.3041,1.3046
GBPUSD,2018-09-13 01:00:00,1.3049,1.3054,1.3044,1.3044
GBPUSD,2018-09-13 00:00:00,1.3046,1.3050,1.3045,1.3047
GBPUSD,2018-09-12 23:00:00,1.3049,1.3050,1.3047,1.3047
GBPUSD,2018-09-12 22:00:00,1.3050,1.3053,1.3047,1.3048
GBPUSD,2018-09-12 21:00:00,1.3050,1.3051,1.3048,1.3051
GBPUSD,2018-09-12 20:00:00,1.3051,1.3055,1.3051,1.3051
GBPUSD,2018-09-12 19:00:00,1.3056,1.3057,1.3049,1.3051
GBPUSD,2018-09-12 18:00:00,1.3070,1.3071,1.3055,1.3055
GBPUSD,2018-09-12 17:00:00,1.3061,1.3071,1.3059,1.3070
GBPUSD,2018-09-12 16:00:00,1.3029,1.3059,1.3028,1.3058
GBPUSD,2018-09-12 15:00:00,1.3022,1.3043,1.3014,1.3029
GBPUSD,2018-09-12 14:00:00,1.3005,1.3027,1.3005,1.3023
GBPUSD,2018-09-12 13:00:00,1.3009,1.3017,1.3003,1.3003
GBPUSD,2018-09-12 12:00:00,1.3002,1.3018,1.3000,1.3017
GBPUSD,2018-09-12 11:00:00,1.2986,1.2997,1.2983,1.2993
GBPUSD,2018-09-12 10:00:00,1.3036,1.3036,1.3004,1.3004
GBPUSD,2018-09-12 09:00:00,1.3026,1.3040,1.3020,1.3034
GBPUSD,2018-09-12 08:00:00,1.3031,1.3043,1.3026,1.3028
GBPUSD,2018-09-12 07:00:00,1.2997,1.3038,1.2997,1.3030
GBPUSD,2018-09-12 06:00:00,1.3005,1.3015,1.3001,1.3003
GBPUSD,2018-09-12 05:00:00,1.3011,1.3014,1.3001,1.3006
GBPUSD,2018-09-12 04:00:00,1.3009,1.3011,1.3007,1.3011
GBPUSD,2018-09-12 03:00:00,1.3009,1.3013,1.3007,1.3007
GBPUSD,2018-09-12 02:00:00,1.3012,1.3014,1.3007,1.3007
GBPUSD,2018-09-12 01:00:00,1.3020,1.3020,1.3012,1.3014
GBPUSD,2018-09-12 00:00:00,1.3018,1.3020,1.3016,1.3020
GBPUSD,2018-09-11 23:00:00,1.3022,1.3026,1.3017,1.3017
GBPUSD,2018-09-11 22:00:00,1.3022,1.3024,1.3017,1.3022
GBPUSD,2018-09-11 21:00:00,1.3037,1.3039,1.3016,1.3022
GBPUSD,2018-09-11 20:00:00,1.3020,1.3040,1.3018,1.3032
GBPUSD,2018-09-11 19:00:00,1.3009,1.3016,1.3008,1.3015
GBPUSD,2018-09-11 18:00:00,1.3014,1.3017,1.3010,1.3011
GBPUSD,2018-09-11 17:00:00,1.3008,1.3020,1.3007,1.3019
GBPUSD,2018-09-11 16:00:00,1.3016,1.3019,1.3007,1.3009
GBPUSD,2018-09-11 15:00:00,1.2999,1.3005,1.2992,1.3005
GBPUSD,2018-09-11 14:00:00,1.2991,1.3013,1.2990,1.2999
GBPUSD,2018-09-11 13:00:00,1.2984,1.3002,1.2984,1.2994
GBPUSD,2018-09-11 12:00:00,1.3013,1.3044,1.2980,1.2985
GBPUSD,2018-09-11 11:00:00,1.3016,1.3027,1.3016,1.3023
GBPUSD,2018-09-11 10:00:00,1.3036,1.3038,1.3022,1.3033
GBPUSD,2018-09-11 09:00:00,1.3041,1.3045,1.3034,1.3039
GBPUSD,2018-09-11 08:00:00,1.3067,1.3083,1.3031,1.3048
GBPUSD,2018-09-11 07:00:00,1.3056,1.3078,1.3052,1.3065
GBPUSD,2018-09-11 06:00:00,1.3053,1.3062,1.3051,1.3052
GBPUSD,2018-09-11 05:00:00,1.3039,1.3059,1.3035,1.3055
GBPUSD,2018-09-11 04:00:00,1.3040,1.3048,1.3039,1.3040
GBPUSD,2018-09-11 03:00:00,1.3035,1.3041,1.3033,1.3038
GBPUSD,2018-09-11 02:00:00,1.3030,1.3035,1.3028,1.3034
GBPUSD,2018-09-11 01:00:00,1.3033,1.3034,1.3025,1.3029
GBPUSD,2018-09-11 00:00:00,1.3029,1.3040,1.3028,1.3040
GBPUSD,2018-09-10 23:00:00,1.3028,1.3031,1.3027,1.3027
GBPUSD,2018-09-10 22:00:00,1.3030,1.3031,1.3026,1.3028
GBPUSD,2018-09-10 21:00:00,1.3026,1.3035,1.3026,1.3030
GBPUSD,2018-09-10 20:00:00,1.3029,1.3030,1.3026,1.3026
GBPUSD,2018-09-10 19:00:00,1.3029,1.3030,1.3025,1.3027
GBPUSD,2018-09-10 18:00:00,1.3036,1.3037,1.3028,1.3029
GBPUSD,2018-09-10 17:00:00,1.3030,1.3039,1.3028,1.3035
GBPUSD,2018-09-10 16:00:00,1.3027,1.3032,1.3022,1.3031
GBPUSD,2018-09-10 15:00:00,1.3019,1.3030,1.3017,1.3028
GBPUSD,2018-09-10 14:00:00,1.3013,1.3034,1.3008,1.3023
GBPUSD,2018-09-10 13:00:00,1.3032,1.3049,1.3016,1.3025
GBPUSD,2018-09-10 12:00:00,1.2941,1.3011,1.2937,1.3008
GBPUSD,2018-09-10 11:00:00,1.2934,1.2939,1.2922,1.2939
GBPUSD,2018-09-10 10:00:00,1.2941,1.2941,1.2927,1.2934
GBPUSD,2018-09-10 09:00:00,1.2945,1.2953,1.2941,1.2941
GBPUSD,2018-09-10 08:00:00,1.2938,1.2956,1.2933,1.2941
GBPUSD,2018-09-10 07:00:00,1.2903,1.2941,1.2903,1.2938
GBPUSD,2018-09-10 06:00:00,1.2918,1.2922,1.2899,1.2903
GBPUSD,2018-09-10 05:00:00,1.2914,1.2916,1.2911,1.2916
GBPUSD,2018-09-10 04:00:00,1.2911,1.2915,1.2910,1.2914
GBPUSD,2018-09-10 03:00:00,1.2922,1.2925,1.2913,1.2913
GBPUSD,2018-09-10 02:00:00,1.2923,1.2926,1.2921,1.2923
GBPUSD,2018-09-10 01:00:00,1.2933,1.2933,1.2924,1.2925
GBPUSD,2018-09-10 00:00:00,1.2930,1.2933,1.2925,1.2932
GBPUSD,2018-09-09 23:00:00,1.2927,1.2929,1.2927,1.2929
GBPUSD,2018-09-09 22:00:00,1.2923,1.2930,1.2919,1.2927
GBPUSD,2018-09-09 21:00:00,1.2932,1.2932,1.2922,1.2923
GBPUSD,2018-09-07 20:00:00,1.2922,1.2925,1.2916,1.2919
GBPUSD,2018-09-07 19:00:00,1.2925,1.2926,1.2919,1.2923
GBPUSD,2018-09-07 18:00:00,1.2919,1.2924,1.2919,1.2923
GBPUSD,2018-09-07 17:00:00,1.2929,1.2930,1.2912,1.2915
GBPUSD,2018-09-07 16:00:00,1.2934,1.2936,1.2925,1.2927
GBPUSD,2018-09-07 15:00:00,1.2952,1.2956,1.2936,1.2938
GBPUSD,2018-09-07 14:00:00,1.2960,1.2986,1.2960,1.2974
GBPUSD,2018-09-07 13:00:00,1.2967,1.2970,1.2953,1.2955
GBPUSD,2018-09-07 12:00:00,1.2988,1.3014,1.2976,1.2976
GBPUSD,2018-09-07 11:00:00,1.3019,1.3022,1.2984,1.2991
GBPUSD,2018-09-07 10:00:00,1.2968,1.3013,1.2958,1.3008
GBPUSD,2018-09-07 09:00:00,1.2943,1.2967,1.2930,1.2966
GBPUSD,2018-09-07 08:00:00,1.2945,1.2945,1.2935,1.2942
GBPUSD,2018-09-07 07:00:00,1.2939,1.2949,1.2933,1.2938
GBPUSD,2018-09-07 06:00:00,1.2925,1.2946,1.2920,1.2943
GBPUSD,2018-09-07 05:00:00,1.2932,1.2936,1.2923,1.2923
GBPUSD,2018-09-07 04:00:00,1.2927,1.2934,1.2927,1.2934
GBPUSD,2018-09-07 03:00:00,1.2925,1.2930,1.2921,1.2926
GBPUSD,2018-09-07 02:00:00,1.2928,1.2930,1.2924,1.2927
GBPUSD,2018-09-07 01:00:00,1.2924,1.2931,1.2923,1.2928
GBPUSD,2018-09-07 00:00:00,1.2926,1.2927,1.2922,1.2924
GBPUSD,2018-09-06 23:00:00,1.2930,1.2931,1.2925,1.2928
GBPUSD,2018-09-06 22:00:00,1.2930,1.2932,1.2927,1.2930
GBPUSD,2018-09-06 21:00:00,1.2933,1.2934,1.2927,1.2930
GBPUSD,2018-09-06 20:00:00,1.2928,1.2935,1.2926,1.2928
GBPUSD,2018-09-06 19:00:00,1.2935,1.2938,1.2925,1.2928
GBPUSD,2018-09-06 18:00:00,1.2933,1.2944,1.2932,1.2935
GBPUSD,2018-09-06 17:00:00,1.2936,1.2936,1.2930,1.2930
GBPUSD,2018-09-06 16:00:00,1.2933,1.2945,1.2932,1.2935
GBPUSD,2018-09-06 15:00:00,1.2947,1.2951,1.2926,1.2931
GBPUSD,2018-09-06 14:00:00,1.2952,1.2957,1.2921,1.2957
GBPUSD,2018-09-06 13:00:00,1.2945,1.2952,1.2935,1.2950
GBPUSD,2018-09-06 12:00:00,1.2938,1.2964,1.2938,1.2948
GBPUSD,2018-09-06 11:00:00,1.2934,1.2942,1.2923,1.2941
GBPUSD,2018-09-06 10:00:00,1.2933,1.2942,1.2931,1.2937
GBPUSD,2018-09-06 09:00:00,1.2943,1.2944,1.2921,1.2934
GBPUSD,2018-09-06 08:00:00,1.2912,1.2942,1.2912,1.2932
GBPUSD,2018-09-06 07:00:00,1.2912,1.2931,1.2910,1.2912
GBPUSD,2018-09-06 06:00:00,1.2904,1.2915,1.2901,1.2903
GBPUSD,2018-09-06 05:00:00,1.2915,1.2915,1.2905,1.2906
GBPUSD,2018-09-06 04:00:00,1.2912,1.2919,1.2911,1.2912
GBPUSD,2018-09-06 03:00:00,1.2926,1.2926,1.2910,1.2910
GBPUSD,2018-09-06 02:00:00,1.2922,1.2928,1.2922,1.2926
GBPUSD,2018-09-06 01:00:00,1.2924,1.2927,1.2921,1.2921
GBPUSD,2018-09-06 00:00:00,1.2916,1.2926,1.2914,1.2923
GBPUSD,2018-09-05 23:00:00,1.2912,1.2916,1.2912,1.2916
GBPUSD,2018-09-05 22:00:00,1.2914,1.2915,1.2909,1.2911
GBPUSD,2018-09-05 21:00:00,1.2909,1.2915,1.2907,1.2911
GBPUSD,2018-09-05 20:00:00,1.2910,1.2913,1.2908,1.2909
GBPUSD,2018-09-05 19:00:00,1.2900,1.2910,1.2899,1.2907
GBPUSD,2018-09-05 18:00:00,1.2900,1.2906,1.2898,1.2898
GBPUSD,2018-09-05 17:00:00,1.2904,1.2914,1.2899,1.2900
GBPUSD,2018-09-05 16:00:00,1.2903,1.2915,1.2901,1.2903
GBPUSD,2018-09-05 15:00:00,1.2959,1.2960,1.2884,1.2904
GBPUSD,2018-09-05 14:00:00,1.2968,1.2972,1.2956,1.2959
GBPUSD,2018-09-05 13:00:00,1.2831,1.2974,1.2831,1.2967
GBPUSD,2018-09-05 12:00:00,1.2821,1.2834,1.2819,1.2834
GBPUSD,2018-09-05 11:00:00,1.2825,1.2827,1.2814,1.2824
GBPUSD,2018-09-05 10:00:00,1.2795,1.2828,1.2790,1.2827
GBPUSD,2018-09-05 09:00:00,1.2820,1.2826,1.2812,1.2813
GBPUSD,2018-09-05 08:00:00,1.2829,1.2830,1.2806,1.2818
GBPUSD,2018-09-05 07:00:00,1.2833,1.2839,1.2821,1.2822
GBPUSD,2018-09-05 06:00:00,1.2862,1.2862,1.2834,1.2834
GBPUSD,2018-09-05 05:00:00,1.2861,1.2864,1.2855,1.2863
GBPUSD,2018-09-05 04:00:00,1.2863,1.2864,1.2859,1.2860
GBPUSD,2018-09-05 03:00:00,1.2870,1.2870,1.2862,1.2862
GBPUSD,2018-09-05 02:00:00,1.2865,1.2869,1.2864,1.2868
GBPUSD,2018-09-05 01:00:00,1.2855,1.2868,1.2855,1.2865
GBPUSD,2018-09-05 00:00:00,1.2859,1.2860,1.2855,1.2857
GBPUSD,2018-09-04 23:00:00,1.2858,1.2861,1.2856,1.2860
GBPUSD,2018-09-04 22:00:00,1.2858,1.2859,1.2856,1.2858
GBPUSD,2018-09-04 21:00:00,1.2857,1.2862,1.2855,1.2858
GBPUSD,2018-09-04 20:00:00,1.2858,1.2860,1.2854,1.2855
GBPUSD,2018-09-04 19:00:00,1.2858,1.2858,1.2850,1.2852
GBPUSD,2018-09-04 18:00:00,1.2859,1.2862,1.2857,1.2858
GBPUSD,2018-09-04 17:00:00,1.2855,1.2867,1.2852,1.2858
GBPUSD,2018-09-04 16:00:00,1.2834,1.2865,1.2829,1.2855
GBPUSD,2018-09-04 15:00:00,1.2833,1.2839,1.2821,1.2839
GBPUSD,2018-09-04 14:00:00,1.2834,1.2838,1.2813,1.2832
GBPUSD,2018-09-04 13:00:00,1.2840,1.2853,1.2837,1.2839
GBPUSD,2018-09-04 12:00:00,1.2835,1.2849,1.2830,1.2846
GBPUSD,2018-09-04 11:00:00,1.2825,1.2841,1.2820,1.2832
GBPUSD,2018-09-04 10:00:00,1.2818,1.2831,1.2817,1.2823
GBPUSD,2018-09-04 09:00:00,1.2833,1.2834,1.2819,1.2825
GBPUSD,2018-09-04 08:00:00,1.2835,1.2840,1.2822,1.2826
GBPUSD,2018-09-04 07:00:00,1.2846,1.2857,1.2836,1.2836
GBPUSD,2018-09-04 06:00:00,1.2859,1.2860,1.2845,1.2848
GBPUSD,2018-09-04 05:00:00,1.2863,1.2870,1.2863,1.2863
GBPUSD,2018-09-04 04:00:00,1.2861,1.2866,1.2860,1.2864
GBPUSD,2018-09-04 03:00:00,1.2859,1.2862,1.2859,1.2862
GBPUSD,2018-09-04 02:00:00,1.2863,1.2863,1.2858,1.2859
GBPUSD,2018-09-04 01:00:00,1.2862,1.2863,1.2857,1.2863
GBPUSD,2018-09-04 00:00:00,1.2870,1.2870,1.2861,1.2861
GBPUSD,2018-09-03 23:00:00,1.2875,1.2876,1.2869,1.2870
GBPUSD,2018-09-03 22:00:00,1.2873,1.2878,1.2870,1.2875
GBPUSD,2018-09-03 21:00:00,1.2874,1.2877,1.2871,1.2873
GBPUSD,2018-09-03 20:00:00,1.2874,1.2875,1.2872,1.2874
GBPUSD,2018-09-03 19:00:00,1.2876,1.2878,1.2874,1.2874
GBPUSD,2018-09-03 18:00:00,1.2874,1.2878,1.2874,1.2877
GBPUSD,2018-09-03 17:00:00,1.2883,1.2883,1.2872,1.2874
GBPUSD,2018-09-03 16:00:00,1.2877,1.2886,1.2877,1.2885
GBPUSD,2018-09-03 15:00:00,1.2886,1.2888,1.2878,1.2879
GBPUSD,2018-09-03 14:00:00,1.2879,1.2884,1.2870,1.2879
GBPUSD,2018-09-03 13:00:00,1.2861,1.2878,1.2859,1.2877
GBPUSD,2018-09-03 12:00:00,1.2871,1.2878,1.2857,1.2858
GBPUSD,2018-09-03 11:00:00,1.2889,1.2889,1.2870,1.2872
GBPUSD,2018-09-03 10:00:00,1.2874,1.2894,1.2868,1.2893
GBPUSD,2018-09-03 09:00:00,1.2894,1.2895,1.2878,1.2883
GBPUSD,2018-09-03 08:00:00,1.2920,1.2922,1.2892,1.2892
GBPUSD,2018-09-03 07:00:00,1.2917,1.2924,1.2910,1.2919
GBPUSD,2018-09-03 06:00:00,1.2930,1.2930,1.2907,1.2915
GBPUSD,2018-09-03 05:00:00,1.2932,1.2935,1.2930,1.2932
GBPUSD,2018-09-03 04:00:00,1.2929,1.2932,1.2926,1.2930
GBPUSD,2018-09-03 03:00:00,1.2926,1.2931,1.2924,1.2929
GBPUSD,2018-09-03 02:00:00,1.2925,1.2932,1.2923,1.2927
GBPUSD,2018-09-03 01:00:00,1.2925,1.2927,1.2919,1.2925
GBPUSD,2018-09-03 00:00:00,1.2923,1.2930,1.2923,1.2924
GBPUSD,2018-09-02 23:00:00,1.2927,1.2930,1.2921,1.2926
GBPUSD,2018-09-02 22:00:00,1.2923,1.2931,1.2923,1.2927
GBPUSD,2018-09-02 21:00:00,1.2919,1.2926,1.2919,1.2923
GBPUSD,2018-08-31 20:00:00,1.2966,1.2966,1.2957,1.2960
GBPUSD,2018-08-31 19:00:00,1.2958,1.2964,1.2958,1.2960
GBPUSD,2018-08-31 18:00:00,1.2969,1.2970,1.2963,1.2968
GBPUSD,2018-08-31 17:00:00,1.2960,1.2969,1.2959,1.2964
GBPUSD,2018-08-31 16:00:00,1.2965,1.2965,1.2950,1.2960
GBPUSD,2018-08-31 15:00:00,1.2999,1.3000,1.2971,1.2972
GBPUSD,2018-08-31 14:00:00,1.2970,1.3000,1.2964,1.2987
GBPUSD,2018-08-31 13:00:00,1.2974,1.2974,1.2963,1.2970
GBPUSD,2018-08-31 12:00:00,1.2989,1.2998,1.2972,1.2976
GBPUSD,2018-08-31 11:00:00,1.3006,1.3007,1.2975,1.2977
GBPUSD,2018-08-31 10:00:00,1.3010,1.3012,1.2995,1.3005
GBPUSD,2018-08-31 09:00:00,1.3018,1.3019,1.3004,1.3006
GBPUSD,2018-08-31 08:00:00,1.3022,1.3027,1.3005,1.3011
GBPUSD,2018-08-31 07:00:00,1.3015,1.3024,1.2998,1.3020
GBPUSD,2018-08-31 06:00:00,1.3022,1.3025,1.3015,1.3018
GBPUSD,2018-08-31 05:00:00,1.3015,1.3025,1.3015,1.3025
GBPUSD,2018-08-31 04:00:00,1.3009,1.3012,1.3008,1.3012
GBPUSD,2018-08-31 03:00:00,1.3010,1.3013,1.3008,1.3009
GBPUSD,2018-08-31 02:00:00,1.3016,1.3019,1.3009,1.3010
GBPUSD,2018-08-31 01:00:00,1.3017,1.3024,1.3016,1.3018
GBPUSD,2018-08-31 00:00:00,1.3013,1.3017,1.3007,1.3017
GBPUSD,2018-08-30 23:00:00,1.3010,1.3014,1.3009,1.3012
GBPUSD,2018-08-30 22:00:00,1.3015,1.3015,1.3010,1.3010
GBPUSD,2018-08-30 21:00:00,1.3014,1.3019,1.3008,1.3015
GBPUSD,2018-08-30 20:00:00,1.3019,1.3019,1.3013,1.3013
GBPUSD,2018-08-30 19:00:00,1.3015,1.3017,1.3007,1.3017
GBPUSD,2018-08-30 18:00:00,1.3012,1.3017,1.3004,1.3015
GBPUSD,2018-08-30 17:00:00,1.3010,1.3013,1.2995,1.3006
GBPUSD,2018-08-30 16:00:00,1.2997,1.3013,1.2991,1.3010
GBPUSD,2018-08-30 15:00:00,1.3005,1.3011,1.2991,1.2999
GBPUSD,2018-08-30 14:00:00,1.3007,1.3024,1.3002,1.3013
GBPUSD,2018-08-30 13:00:00,1.3019,1.3020,1.2987,1.3004
GBPUSD,2018-08-30 12:00:00,1.3017,1.3031,1.3017,1.3029
GBPUSD,2018-08-30 11:00:00,1.3018,1.3019,1.3010,1.3015
GBPUSD,2018-08-30 10:00:00,1.3018,1.3025,1.3007,1.3019
GBPUSD,2018-08-30 09:00:00,1.3007,1.3017,1.3000,1.3012
GBPUSD,2018-08-30 08:00:00,1.3027,1.3027,1.2990,1.3001
GBPUSD,2018-08-30 07:00:00,1.3032,1.3043,1.3026,1.3027
GBPUSD,2018-08-30 06:00:00,1.3022,1.3040,1.3019,1.3033
GBPUSD,2018-08-30 05:00:00,1.3029,1.3032,1.3016,1.3018
GBPUSD,2018-08-30 04:00:00,1.3035,1.3035,1.3029,1.3030
GBPUSD,2018-08-30 03:00:00,1.3032,1.3039,1.3032,1.3033
GBPUSD,2018-08-30 02:00:00,1.3031,1.3040,1.3030,1.3036
GBPUSD,2018-08-30 01:00:00,1.3033,1.3034,1.3024,1.3031
GBPUSD,2018-08-30 00:00:00,1.3037,1.3039,1.3028,1.3029
GBPUSD,2018-08-29 23:00:00,1.3025,1.3036,1.3025,1.3036
GBPUSD,2018-08-29 22:00:00,1.3032,1.3035,1.3025,1.3025
GBPUSD,2018-08-29 21:00:00,1.3028,1.3034,1.3027,1.3033
GBPUSD,2018-08-29 20:00:00,1.3029,1.3033,1.3028,1.3031
GBPUSD,2018-08-29 19:00:00,1.3022,1.3028,1.3020,1.3028
GBPUSD,2018-08-29 18:00:00,1.3011,1.3024,1.3008,1.3024
GBPUSD,2018-08-29 17:00:00,1.3007,1.3012,1.3002,1.3006
GBPUSD,2018-08-29 16:00:00,1.3005,1.3010,1.2975,1.3002
GBPUSD,2018-08-29 15:00:00,1.3000,1.3013,1.2983,1.3012
GBPUSD,2018-08-29 14:00:00,1.2969,1.3007,1.2949,1.2998
GBPUSD,2018-08-29 13:00:00,1.2875,1.2884,1.2870,1.2873
GBPUSD,2018-08-29 12:00:00,1.2880,1.2893,1.2873,1.2873
GBPUSD,2018-08-29 11:00:00,1.2889,1.2895,1.2882,1.2882
GBPUSD,2018-08-29 10:00:00,1.2888,1.2900,1.2885,1.2894
GBPUSD,2018-08-29 09:00:00,1.2877,1.2889,1.2877,1.2881
GBPUSD,2018-08-29 08:00:00,1.2868,1.2887,1.2867,1.2885
GBPUSD,2018-08-29 07:00:00,1.2853,1.2880,1.2852,1.2871
GBPUSD,2018-08-29 06:00:00,1.2855,1.2858,1.2848,1.2858
GBPUSD,2018-08-29 05:00:00,1.2875,1.2875,1.2857,1.2862
GBPUSD,2018-08-29 04:00:00,1.2872,1.2873,1.2869,1.2873
GBPUSD,2018-08-29 03:00:00,1.2865,1.2870,1.2863,1.2869
GBPUSD,2018-08-29 02:00:00,1.2861,1.2868,1.2858,1.2864
GBPUSD,2018-08-29 01:00:00,1.2864,1.2868,1.2860,1.2860
GBPUSD,2018-08-29 00:00:00,1.2871,1.2871,1.2863,1.2864
GBPUSD,2018-08-28 23:00:00,1.2872,1.2872,1.2867,1.2867
GBPUSD,2018-08-28 22:00:00,1.2874,1.2875,1.2869,1.2872
GBPUSD,2018-08-28 21:00:00,1.2876,1.2879,1.2870,1.2871
GBPUSD,2018-08-28 20:00:00,1.2868,1.2871,1.2868,1.2870
GBPUSD,2018-08-28 19:00:00,1.2869,1.2873,1.2866,1.2868
GBPUSD,2018-08-28 18:00:00,1.2884,1.2884,1.2870,1.2871
GBPUSD,2018-08-28 17:00:00,1.2890,1.2892,1.2885,1.2885
GBPUSD,2018-08-28 16:00:00,1.2885,1.2891,1.2884,1.2888
GBPUSD,2018-08-28 15:00:00,1.2883,1.2895,1.2881,1.2891
GBPUSD,2018-08-28 14:00:00,1.2922,1.2923,1.2876,1.2877
GBPUSD,2018-08-28 13:00:00,1.2929,1.2931,1.2915,1.2925
GBPUSD,2018-08-28 12:00:00,1.2918,1.2928,1.2911,1.2928
GBPUSD,2018-08-28 11:00:00,1.2897,1.2916,1.2895,1.2914
GBPUSD,2018-08-28 10:00:00,1.2906,1.2909,1.2894,1.2897
GBPUSD,2018-08-28 09:00:00,1.2906,1.2908,1.2899,1.2904
GBPUSD,2018-08-28 08:00:00,1.2890,1.2906,1.2889,1.2904
GBPUSD,2018-08-28 07:00:00,1.2886,1.2905,1.2885,1.2889
GBPUSD,2018-08-28 06:00:00,1.2873,1.2886,1.2867,1.2886
GBPUSD,2018-08-28 05:00:00,1.2879,1.2879,1.2864,1.2871
GBPUSD,2018-08-28 04:00:00,1.2877,1.2877,1.2872,1.2876
GBPUSD,2018-08-28 03:00:00,1.2875,1.2877,1.2873,1.2877
GBPUSD,2018-08-28 02:00:00,1.2882,1.2883,1.2876,1.2877
GBPUSD,2018-08-28 01:00:00,1.2894,1.2895,1.2879,1.2882
GBPUSD,2018-08-28 00:00:00,1.2899,1.2902,1.2894,1.2895
GBPUSD,2018-08-27 23:00:00,1.2897,1.2898,1.2890,1.2896
GBPUSD,2018-08-27 22:00:00,1.2898,1.2898,1.2896,1.2896
GBPUSD,2018-08-27 21:00:00,1.2896,1.2900,1.2895,1.2897
GBPUSD,2018-08-27 20:00:00,1.2895,1.2898,1.2895,1.2895
GBPUSD,2018-08-27 19:00:00,1.2894,1.2896,1.2892,1.2894
GBPUSD,2018-08-27 18:00:00,1.2890,1.2898,1.2890,1.2893
GBPUSD,2018-08-27 17:00:00,1.2896,1.2900,1.2891,1.2891
GBPUSD,2018-08-27 16:00:00,1.2891,1.2901,1.2888,1.2893
GBPUSD,2018-08-27 15:00:00,1.2891,1.2892,1.2884,1.2889
GBPUSD,2018-08-27 14:00:00,1.2879,1.2888,1.2873,1.2885
GBPUSD,2018-08-27 13:00:00,1.2880,1.2889,1.2874,1.2884
GBPUSD,2018-08-27 12:00:00,1.2869,1.2880,1.2865,1.2879
GBPUSD,2018-08-27 11:00:00,1.2846,1.2859,1.2846,1.2858
GBPUSD,2018-08-27 10:00:00,1.2845,1.2847,1.2840,1.2845
GBPUSD,2018-08-27 09:00:00,1.2843,1.2846,1.2839,1.2845
GBPUSD,2018-08-27 08:00:00,1.2840,1.2847,1.2839,1.2844
GBPUSD,2018-08-27 07:00:00,1.2836,1.2848,1.2834,1.2844
GBPUSD,2018-08-27 06:00:00,1.2852,1.2855,1.2834,1.2834
GBPUSD,2018-08-27 05:00:00,1.2852,1.2854,1.2850,1.2852
GBPUSD,2018-08-27 04:00:00,1.2859,1.2859,1.2852,1.2852
GBPUSD,2018-08-27 03:00:00,1.2860,1.2864,1.2857,1.2860
GBPUSD,2018-08-27 02:00:00,1.2849,1.2859,1.2848,1.2858
GBPUSD,2018-08-27 01:00:00,1.2858,1.2858,1.2849,1.2851
GBPUSD,2018-08-27 00:00:00,1.2859,1.2862,1.2855,1.2859
GBPUSD,2018-08-26 23:00:00,1.2852,1.2861,1.2852,1.2861
GBPUSD,2018-08-26 22:00:00,1.2853,1.2853,1.2845,1.2853
GBPUSD,2018-08-26 21:00:00,1.2849,1.2854,1.2840,1.2851
GBPUSD,2018-08-24 20:00:00,1.2852,1.2853,1.2847,1.2849
GBPUSD,2018-08-24 19:00:00,1.2848,1.2854,1.2847,1.2851
GBPUSD,2018-08-24 18:00:00,1.2848,1.2849,1.2842,1.2844
GBPUSD,2018-08-24 17:00:00,1.2852,1.2860,1.2846,1.2848
GBPUSD,2018-08-24 16:00:00,1.2859,1.2867,1.2855,1.2855
GBPUSD,2018-08-24 15:00:00,1.2860,1.2865,1.2851,1.2856
GBPUSD,2018-08-24 14:00:00,1.2846,1.2881,1.2843,1.2860
GBPUSD,2018-08-24 13:00:00,1.2855,1.2860,1.2848,1.2849
GBPUSD,2018-08-24 12:00:00,1.2849,1.2852,1.2845,1.2848
GBPUSD,2018-08-24 11:00:00,1.2857,1.2859,1.2852,1.2853
GBPUSD,2018-08-24 10:00:00,1.2827,1.2858,1.2827,1.2854
GBPUSD,2018-08-24 09:00:00,1.2835,1.2835,1.2812,1.2822
GBPUSD,2018-08-24 08:00:00,1.2830,1.2837,1.2830,1.2832
GBPUSD,2018-08-24 07:00:00,1.2832,1.2840,1.2830,1.2833
GBPUSD,2018-08-24 06:00:00,1.2827,1.2830,1.2824,1.2826
GBPUSD,2018-08-24 05:00:00,1.2824,1.2831,1.2820,1.2829
GBPUSD,2018-08-24 04:00:00,1.2817,1.2819,1.2812,1.2818
GBPUSD,2018-08-24 03:00:00,1.2818,1.2820,1.2811,1.2817
GBPUSD,2018-08-24 02:00:00,1.2808,1.2817,1.2806,1.2817
GBPUSD,2018-08-24 01:00:00,1.2811,1.2814,1.2806,1.2807
GBPUSD,2018-08-24 00:00:00,1.2811,1.2812,1.2802,1.2808
GBPUSD,2018-08-23 23:00:00,1.2812,1.2813,1.2810,1.2811
GBPUSD,2018-08-23 22:00:00,1.2815,1.2819,1.2806,1.2812
GBPUSD,2018-08-23 21:00:00,1.2819,1.2823,1.2812,1.2812
GBPUSD,2018-08-23 20:00:00,1.2817,1.2818,1.2815,1.2816
GBPUSD,2018-08-23 19:00:00,1.2816,1.2818,1.2806,1.2817
GBPUSD,2018-08-23 18:00:00,1.2817,1.2822,1.2813,1.2813
GBPUSD,2018-08-23 17:00:00,1.2817,1.2820,1.2807,1.2818
GBPUSD,2018-08-23 16:00:00,1.2830,1.2833,1.2817,1.2819
GBPUSD,2018-08-23 15:00:00,1.2836,1.2837,1.2827,1.2834
GBPUSD,2018-08-23 14:00:00,1.2861,1.2862,1.2819,1.2832
GBPUSD,2018-08-23 13:00:00,1.2872,1.2874,1.2858,1.2874
GBPUSD,2018-08-23 12:00:00,1.2883,1.2889,1.2865,1.2867
GBPUSD,2018-08-23 11:00:00,1.2910,1.2910,1.2892,1.2894
GBPUSD,2018-08-23 10:00:00,1.2863,1.2902,1.2861,1.2902
GBPUSD,2018-08-23 09:00:00,1.2876,1.2880,1.2852,1.2862
GBPUSD,2018-08-23 08:00:00,1.2879,1.2879,1.2857,1.2878
GBPUSD,2018-08-23 07:00:00,1.2876,1.2886,1.2876,1.2883
GBPUSD,2018-08-23 06:00:00,1.2874,1.2885,1.2870,1.2872
GBPUSD,2018-08-23 05:00:00,1.2874,1.2877,1.2870,1.2873
GBPUSD,2018-08-23 04:00:00,1.2871,1.2871,1.2857,1.2870
GBPUSD,2018-08-23 03:00:00,1.2875,1.2877,1.2867,1.2872
GBPUSD,2018-08-23 02:00:00,1.2886,1.2887,1.2871,1.2872
GBPUSD,2018-08-23 01:00:00,1.2893,1.2895,1.2883,1.2886
GBPUSD,2018-08-23 00:00:00,1.2907,1.2907,1.2892,1.2894
GBPUSD,2018-08-22 23:00:00,1.2917,1.2918,1.2907,1.2908
GBPUSD,2018-08-22 22:00:00,1.2917,1.2918,1.2913,1.2917
GBPUSD,2018-08-22 21:00:00,1.2916,1.2920,1.2914,1.2916
GBPUSD,2018-08-22 20:00:00,1.2921,1.2922,1.2914,1.2915
GBPUSD,2018-08-22 19:00:00,1.2915,1.2919,1.2913,1.2918
GBPUSD,2018-08-22 18:00:00,1.2911,1.2933,1.2910,1.2911
GBPUSD,2018-08-22 17:00:00,1.2910,1.2912,1.2907,1.2911
GBPUSD,2018-08-22 16:00:00,1.2910,1.2917,1.2908,1.2911
GBPUSD,2018-08-22 15:00:00,1.2912,1.2917,1.2907,1.2913
GBPUSD,2018-08-22 14:00:00,1.2921,1.2927,1.2912,1.2914
GBPUSD,2018-08-22 13:00:00,1.2932,1.2934,1.2920,1.2921
GBPUSD,2018-08-22 12:00:00,1.2915,1.2927,1.2910,1.2925
GBPUSD,2018-08-22 11:00:00,1.2891,1.2911,1.2890,1.2911
GBPUSD,2018-08-22 10:00:00,1.2894,1.2894,1.2880,1.2889
GBPUSD,2018-08-22 09:00:00,1.2885,1.2897,1.2885,1.2897
GBPUSD,2018-08-22 08:00:00,1.2882,1.2884,1.2873,1.2883
GBPUSD,2018-08-22 07:00:00,1.2902,1.2908,1.2885,1.2885
GBPUSD,2018-08-22 06:00:00,1.2911,1.2914,1.2899,1.2900
GBPUSD,2018-08-22 05:00:00,1.2912,1.2916,1.2912,1.2912
GBPUSD,2018-08-22 04:00:00,1.2909,1.2910,1.2908,1.2910
GBPUSD,2018-08-22 03:00:00,1.2908,1.2912,1.2906,1.2907
GBPUSD,2018-08-22 02:00:00,1.2907,1.2913,1.2904,1.2906
GBPUSD,2018-08-22 01:00:00,1.2905,1.2908,1.2902,1.2905
GBPUSD,2018-08-22 00:00:00,1.2907,1.2915,1.2906,1.2907
GBPUSD,2018-08-21 23:00:00,1.2908,1.2908,1.2904,1.2905
GBPUSD,2018-08-21 22:00:00,1.2906,1.2909,1.2903,1.2906
GBPUSD,2018-08-21 21:00:00,1.2907,1.2911,1.2901,1.2906
GBPUSD,2018-08-21 20:00:00,1.2904,1.2908,1.2902,1.2908
GBPUSD,2018-08-21 19:00:00,1.2903,1.2907,1.2902,1.2904
GBPUSD,2018-08-21 18:00:00,1.2908,1.2926,1.2907,1.2909
GBPUSD,2018-08-21 17:00:00,1.2881,1.2906,1.2878,1.2905
GBPUSD,2018-08-21 16:00:00,1.2858,1.2873,1.2854,1.2871
GBPUSD,2018-08-21 15:00:00,1.2868,1.2873,1.2853,1.2858
GBPUSD,2018-08-21 14:00:00,1.2867,1.2877,1.2865,1.2870
GBPUSD,2018-08-21 13:00:00,1.2832,1.2859,1.2827,1.2858
GBPUSD,2018-08-21 12:00:00,1.2828,1.2834,1.2817,1.2833
GBPUSD,2018-08-21 11:00:00,1.2834,1.2844,1.2830,1.2837
GBPUSD,2018-08-21 10:00:00,1.2821,1.2836,1.2821,1.2833
GBPUSD,2018-08-21 09:00:00,1.2833,1.2834,1.2816,1.2819
GBPUSD,2018-08-21 08:00:00,1.2830,1.2834,1.2822,1.2830
GBPUSD,2018-08-21 07:00:00,1.2834,1.2836,1.2825,1.2834
GBPUSD,2018-08-21 06:00:00,1.2837,1.2846,1.2831,1.2832
GBPUSD,2018-08-21 05:00:00,1.2834,1.2841,1.2832,1.2839
GBPUSD,2018-08-21 04:00:00,1.2834,1.2835,1.2829,1.2834
GBPUSD,2018-08-21 03:00:00,1.2827,1.2834,1.2824,1.2833
GBPUSD,2018-08-21 02:00:00,1.2826,1.2827,1.2822,1.2827
GBPUSD,2018-08-21 01:00:00,1.2819,1.2829,1.2819,1.2823
GBPUSD,2018-08-21 00:00:00,1.2805,1.2823,1.2802,1.2820
GBPUSD,2018-08-20 23:00:00,1.2803,1.2803,1.2798,1.2803
GBPUSD,2018-08-20 22:00:00,1.2799,1.2802,1.2796,1.2801
GBPUSD,2018-08-20 21:00:00,1.2798,1.2801,1.2796,1.2798
GBPUSD,2018-08-20 20:00:00,1.2789,1.2801,1.2788,1.2797
GBPUSD,2018-08-20 19:00:00,1.2786,1.2788,1.2783,1.2788
GBPUSD,2018-08-20 18:00:00,1.2781,1.2792,1.2781,1.2787
GBPUSD,2018-08-20 17:00:00,1.2788,1.2788,1.2781,1.2785
GBPUSD,2018-08-20 16:00:00,1.2765,1.2788,1.2763,1.2788
GBPUSD,2018-08-20 15:00:00,1.2760,1.2775,1.2760,1.2770
GBPUSD,2018-08-20 14:00:00,1.2770,1.2775,1.2764,1.2766
GBPUSD,2018-08-20 13:00:00,1.2761,1.2776,1.2761,1.2771
GBPUSD,2018-08-20 12:00:00,1.2770,1.2770,1.2758,1.2762
GBPUSD,2018-08-20 11:00:00,1.2751,1.2770,1.2750,1.2769
GBPUSD,2018-08-20 10:00:00,1.2744,1.2745,1.2732,1.2740
GBPUSD,2018-08-20 09:00:00,1.2738,1.2742,1.2733,1.2741
GBPUSD,2018-08-20 08:00:00,1.2744,1.2746,1.2735,1.2737
GBPUSD,2018-08-20 07:00:00,1.2740,1.2749,1.2737,1.2748
GBPUSD,2018-08-20 06:00:00,1.2745,1.2747,1.2732,1.2747
GBPUSD,2018-08-20 05:00:00,1.2746,1.2746,1.2743,1.2745
GBPUSD,2018-08-20 04:00:00,1.2750,1.2751,1.2747,1.2748
GBPUSD,2018-08-20 03:00:00,1.2745,1.2751,1.2744,1.2751
GBPUSD,2018-08-20 02:00:00,1.2740,1.2745,1.2740,1.2745
GBPUSD,2018-08-20 01:00:00,1.2744,1.2746,1.2741,1.2744
GBPUSD,2018-08-20 00:00:00,1.2748,1.2755,1.2746,1.2747
GBPUSD,2018-08-19 23:00:00,1.2748,1.2751,1.2748,1.2748
GBPUSD,2018-08-19 22:00:00,1.2750,1.2750,1.2746,1.2747
GBPUSD,2018-08-19 21:00:00,1.2753,1.2754,1.2748,1.2752
GBPUSD,2018-08-17 20:00:00,1.2749,1.2754,1.2747,1.2753
GBPUSD,2018-08-17 19:00:00,1.2749,1.2752,1.2744,1.2751
GBPUSD,2018-08-17 18:00:00,1.2732,1.2748,1.2730,1.2748
GBPUSD,2018-08-17 17:00:00,1.2730,1.2731,1.2727,1.2730
GBPUSD,2018-08-17 16:00:00,1.2734,1.2742,1.2728,1.2728
GBPUSD,2018-08-17 15:00:00,1.2741,1.2742,1.2731,1.2737
GBPUSD,2018-08-17 14:00:00,1.2728,1.2737,1.2728,1.2733
GBPUSD,2018-08-17 13:00:00,1.2728,1.2736,1.2725,1.2731
GBPUSD,2018-08-17 12:00:00,1.2716,1.2732,1.2710,1.2729
GBPUSD,2018-08-17 11:00:00,1.2709,1.2722,1.2708,1.2719
GBPUSD,2018-08-17 10:00:00,1.2707,1.2714,1.2701,1.2706
GBPUSD,2018-08-17 09:00:00,1.2716,1.2720,1.2705,1.2709
GBPUSD,2018-08-17 08:00:00,1.2715,1.2733,1.2714,1.2715
GBPUSD,2018-08-17 07:00:00,1.2736,1.2737,1.2712,1.2721
GBPUSD,2018-08-17 06:00:00,1.2726,1.2747,1.2719,1.2744
GBPUSD,2018-08-17 05:00:00,1.2724,1.2727,1.2721,1.2724
GBPUSD,2018-08-17 04:00:00,1.2717,1.2725,1.2717,1.2724
GBPUSD,2018-08-17 03:00:00,1.2722,1.2722,1.2714,1.2718
GBPUSD,2018-08-17 02:00:00,1.2720,1.2725,1.2719,1.2722
GBPUSD,2018-08-17 01:00:00,1.2717,1.2728,1.2715,1.2722
GBPUSD,2018-08-17 00:00:00,1.2714,1.2719,1.2709,1.2719
GBPUSD,2018-08-16 23:00:00,1.2715,1.2716,1.2712,1.2714
GBPUSD,2018-08-16 22:00:00,1.2719,1.2720,1.2714,1.2716
GBPUSD,2018-08-16 21:00:00,1.2719,1.2726,1.2718,1.2718
GBPUSD,2018-08-16 20:00:00,1.2719,1.2719,1.2713,1.2713
GBPUSD,2018-08-16 19:00:00,1.2710,1.2717,1.2709,1.2717
GBPUSD,2018-08-16 18:00:00,1.2704,1.2715,1.2701,1.2715
GBPUSD,2018-08-16 17:00:00,1.2707,1.2710,1.2697,1.2702
GBPUSD,2018-08-16 16:00:00,1.2722,1.2723,1.2702,1.2702
GBPUSD,2018-08-16 15:00:00,1.2726,1.2736,1.2716,1.2717
GBPUSD,2018-08-16 14:00:00,1.2742,1.2744,1.2721,1.2729
GBPUSD,2018-08-16 13:00:00,1.2702,1.2748,1.2702,1.2746
GBPUSD,2018-08-16 12:00:00,1.2702,1.2719,1.2698,1.2711
GBPUSD,2018-08-16 11:00:00,1.2697,1.2712,1.2697,1.2700
GBPUSD,2018-08-16 10:00:00,1.2704,1.2708,1.2692,1.2701
GBPUSD,2018-08-16 09:00:00,1.2712,1.2712,1.2701,1.2702
GBPUSD,2018-08-16 08:00:00,1.2712,1.2730,1.2700,1.2716
GBPUSD,2018-08-16 07:00:00,1.2722,1.2724,1.2705,1.2711
GBPUSD,2018-08-16 06:00:00,1.2729,1.2730,1.2721,1.2722
GBPUSD,2018-08-16 05:00:00,1.2720,1.2732,1.2718,1.2729
GBPUSD,2018-08-16 04:00:00,1.2726,1.2726,1.2719,1.2720
GBPUSD,2018-08-16 03:00:00,1.2715,1.2724,1.2713,1.2723
GBPUSD,2018-08-16 02:00:00,1.2714,1.2722,1.2713,1.2719
GBPUSD,2018-08-16 01:00:00,1.2697,1.2714,1.2691,1.2710
GBPUSD,2018-08-16 00:00:00,1.2694,1.2699,1.2690,1.2699
GBPUSD,2018-08-15 23:00:00,1.2698,1.2699,1.2693,1.2693
GBPUSD,2018-08-15 22:00:00,1.2698,1.2701,1.2694,1.2698
GBPUSD,2018-08-15 21:00:00,1.2700,1.2704,1.2698,1.2698
GBPUSD,2018-08-15 20:00:00,1.2696,1.2704,1.2696,1.2699
GBPUSD,2018-08-15 19:00:00,1.2696,1.2706,1.2695,1.2699
GBPUSD,2018-08-15 18:00:00,1.2688,1.2700,1.2687,1.2694
GBPUSD,2018-08-15 17:00:00,1.2702,1.2703,1.2692,1.2692
GBPUSD,2018-08-15 16:00:00,1.2684,1.2710,1.2684,1.2698
GBPUSD,2018-08-15 15:00:00,1.2669,1.2709,1.2669,1.2686
GBPUSD,2018-08-15 14:00:00,1.2672,1.2691,1.2665,1.2669
GBPUSD,2018-08-15 13:00:00,1.2697,1.2698,1.2669,1.2672
GBPUSD,2018-08-15 12:00:00,1.2704,1.2713,1.2692,1.2707
GBPUSD,2018-08-15 11:00:00,1.2712,1.2713,1.2695,1.2704
GBPUSD,2018-08-15 10:00:00,1.2722,1.2724,1.2698,1.2706
GBPUSD,2018-08-15 09:00:00,1.2713,1.2727,1.2709,1.2726
GBPUSD,2018-08-15 08:00:00,1.2717,1.2725,1.2699,1.2714
GBPUSD,2018-08-15 07:00:00,1.2722,1.2730,1.2718,1.2720
GBPUSD,2018-08-15 06:00:00,1.2708,1.2724,1.2704,1.2724
GBPUSD,2018-08-15 05:00:00,1.2705,1.2710,1.2699,1.2707
GBPUSD,2018-08-15 04:00:00,1.2699,1.2702,1.2694,1.2700
GBPUSD,2018-08-15 03:00:00,1.2699,1.2702,1.2695,1.2700
GBPUSD,2018-08-15 02:00:00,1.2720,1.2720,1.2701,1.2701
GBPUSD,2018-08-15 01:00:00,1.2709,1.2720,1.2708,1.2719
GBPUSD,2018-08-15 00:00:00,1.2719,1.2719,1.2709,1.2714
GBPUSD,2018-08-14 23:00:00,1.2724,1.2724,1.2718,1.2719
GBPUSD,2018-08-14 22:00:00,1.2724,1.2725,1.2721,1.2724
GBPUSD,2018-08-14 21:00:00,1.2726,1.2729,1.2717,1.2724
GBPUSD,2018-08-14 20:00:00,1.2715,1.2721,1.2713,1.2719
GBPUSD,2018-08-14 19:00:00,1.2714,1.2717,1.2712,1.2713
GBPUSD,2018-08-14 18:00:00,1.2723,1.2724,1.2711,1.2715
GBPUSD,2018-08-14 17:00:00,1.2714,1.2722,1.2708,1.2722
GBPUSD,2018-08-14 16:00:00,1.2738,1.2739,1.2713,1.2715
GBPUSD,2018-08-14 15:00:00,1.2754,1.2759,1.2734,1.2735
GBPUSD,2018-08-14 14:00:00,1.2772,1.2773,1.2757,1.2759
GBPUSD,2018-08-14 13:00:00,1.2771,1.2780,1.2768,1.2773
GBPUSD,2018-08-14 12:00:00,1.2771,1.2776,1.2765,1.2774
GBPUSD,2018-08-14 11:00:00,1.2774,1.2776,1.2767,1.2771
GBPUSD,2018-08-14 10:00:00,1.2782,1.2792,1.2773,1.2780
GBPUSD,2018-08-14 09:00:00,1.2772,1.2789,1.2770,1.2788
GBPUSD,2018-08-14 08:00:00,1.2811,1.2818,1.2779,1.2782
GBPUSD,2018-08-14 07:00:00,1.2798,1.2808,1.2794,1.2805
GBPUSD,2018-08-14 06:00:00,1.2772,1.2802,1.2768,1.2802
GBPUSD,2018-08-14 05:00:00,1.2768,1.2773,1.2762,1.2773
GBPUSD,2018-08-14 04:00:00,1.2772,1.2773,1.2768,1.2769
GBPUSD,2018-08-14 03:00:00,1.2775,1.2775,1.2768,1.2772
GBPUSD,2018-08-14 02:00:00,1.2769,1.2774,1.2766,1.2774
GBPUSD,2018-08-14 01:00:00,1.2762,1.2771,1.2761,1.2771
GBPUSD,2018-08-14 00:00:00,1.2761,1.2764,1.2758,1.2761
GBPUSD,2018-08-13 23:00:00,1.2765,1.2766,1.2762,1.2763
GBPUSD,2018-08-13 22:00:00,1.2766,1.2767,1.2762,1.2765
GBPUSD,2018-08-13 21:00:00,1.2774,1.2778,1.2764,1.2767
GBPUSD,2018-08-13 20:00:00,1.2757,1.2766,1.2756,1.2762
GBPUSD,2018-08-13 19:00:00,1.2754,1.2756,1.2749,1.2755
GBPUSD,2018-08-13 18:00:00,1.2760,1.2763,1.2756,1.2757
GBPUSD,2018-08-13 17:00:00,1.2747,1.2762,1.2746,1.2759
GBPUSD,2018-08-13 16:00:00,1.2758,1.2758,1.2747,1.2748
GBPUSD,2018-08-13 15:00:00,1.2779,1.2780,1.2758,1.2758
GBPUSD,2018-08-13 14:00:00,1.2785,1.2790,1.2778,1.2780
GBPUSD,2018-08-13 13:00:00,1.2774,1.2783,1.2768,1.2782
GBPUSD,2018-08-13 12:00:00,1.2769,1.2777,1.2760,1.2772
GBPUSD,2018-08-13 11:00:00,1.2752,1.2778,1.2746,1.2777
GBPUSD,2018-08-13 10:00:00,1.2751,1.2754,1.2747,1.2751
GBPUSD,2018-08-13 09:00:00,1.2760,1.2760,1.2746,1.2753
GBPUSD,2018-08-13 08:00:00,1.2741,1.2766,1.2739,1.2756
GBPUSD,2018-08-13 07:00:00,1.2745,1.2753,1.2738,1.2750
GBPUSD,2018-08-13 06:00:00,1.2759,1.2767,1.2753,1.2753
GBPUSD,2018-08-13 05:00:00,1.2753,1.2769,1.2753,1.2757
GBPUSD,2018-08-13 04:00:00,1.2760,1.2762,1.2752,1.2752
GBPUSD,2018-08-13 03:00:00,1.2752,1.2763,1.2752,1.2759
GBPUSD,2018-08-13 02:00:00,1.2751,1.2758,1.2749,1.2753
GBPUSD,2018-08-13 01:00:00,1.2749,1.2756,1.2746,1.2752
GBPUSD,2018-08-13 00:00:00,1.2761,1.2762,1.2752,1.2756
GBPUSD,2018-08-12 23:00:00,1.2768,1.2780,1.2759,1.2759
GBPUSD,2018-08-12 22:00:00,1.2761,1.2771,1.2756,1.2768
GBPUSD,2018-08-12 21:00:00,1.2751,1.2761,1.2750,1.2761
GBPUSD,2018-08-10 20:00:00,1.2768,1.2775,1.2757,1.2773
GBPUSD,2018-08-10 19:00:00,1.2763,1.2776,1.2761,1.2769
GBPUSD,2018-08-10 18:00:00,1.2755,1.2764,1.2754,1.2764
GBPUSD,2018-08-10 17:00:00,1.2751,1.2760,1.2742,1.2758
GBPUSD,2018-08-10 16:00:00,1.2769,1.2770,1.2745,1.2746
GBPUSD,2018-08-10 15:00:00,1.2777,1.2791,1.2769,1.2769
GBPUSD,2018-08-10 14:00:00,1.2743,1.2783,1.2743,1.2777
GBPUSD,2018-08-10 13:00:00,1.2761,1.2764,1.2725,1.2746
GBPUSD,2018-08-10 12:00:00,1.2780,1.2781,1.2757,1.2771
GBPUSD,2018-08-10 11:00:00,1.2771,1.2780,1.2767,1.2779
GBPUSD,2018-08-10 10:00:00,1.2785,1.2789,1.2768,1.2777
GBPUSD,2018-08-10 09:00:00,1.2758,1.2787,1.2757,1.2786
GBPUSD,2018-08-10 08:00:00,1.2763,1.2769,1.2747,1.2753
GBPUSD,2018-08-10 07:00:00,1.2793,1.2794,1.2747,1.2753
